policy_id,id,name,description,rate_shock_bps,rate_shock_label,deposit_runoff_pct,eve_usd,delta_eve_usd,nii_12m_usd,delta_nii_usd,hedge_adjusted_interest_earnings_usd,modeled_earnings_usd,operating_expense_total_usd,credit_loss_total_usd,business_costs_included,min_cash_usd,minimum_observed_cash_usd,peak_wholesale_funding_usd,securities_sold_usd,securities_sale_proceeds_usd,realized_sale_pnl_usd,max_unfunded_withdrawals_usd,ending_unfunded_withdrawals_usd,max_cash_floor_shortfall_usd,cash_floor_usd,funding_cap_usd,max_accounting_residual_usd,effective_cpr,status,swap_notional_usd,swap_fixed_rate,opening_swap_value_usd,swap_coupon_total_usd,collateral_interest_total_usd,swap_terminal_closeout_usd,swap_realized_total_pnl_usd,transaction_fee_usd,initial_margin_usd,max_collateral_required_usd,max_collateral_posted_usd,max_posted_variation_margin_usd,max_received_collateral_cash_usd,max_unfunded_margin_usd,max_payment_payable_usd,asset_model,securities_sale_cap_usd
prefund_0pct_borrow_first_hedge_0pct,baseline,Unshocked baseline,"Static opening portfolio with loan runoff, retained modeled earnings and no requested deposit withdrawals.",0.0,parallel shift,0,23984066803.446404,0.0,4936140963.25622,0.0,4936140963.25622,355880338.30402565,4166000000.0,414260624.9521942,True,19037832674.334816,11845000000.0,3915000000.0,0.0,0.0,0.0,0.0,0.0,0.0,2361180000.0,19656200000.0,3.0517578125e-05,0.08,within_assumed_limits,0.0,0.03702825969752484,0.0,0.0,0.0,0.0,0.0,0.0,0.0,0.0,0.0,0.0,0.0,0.0,0.0,sourced_bands_with_explicit_assumptions,12682194370.685076
prefund_0pct_borrow_first_hedge_0pct,parallel_up,Parallel +200 bp,Immediate persistent parallel increase; no extra deposit withdrawals.,200.0,parallel shift,0.0,20274615225.129246,-3709451578.3171577,5094144499.652243,158003536.3960228,5094144499.652243,510427207.2283557,4166000000.0,417717292.42388695,True,18876167762.831936,11845000000.0,3915000000.0,0.0,0.0,0.0,0.0,0.0,0.0,2361180000.0,19656200000.0,3.0517578125e-05,0.06275452723790029,within_assumed_limits,0.0,0.03702825969752484,0.0,0.0,0.0,0.0,0.0,0.0,0.0,0.0,0.0,0.0,0.0,0.0,0.0,sourced_bands_with_explicit_assumptions,12682194370.685076
prefund_0pct_borrow_first_hedge_0pct,parallel_down,Parallel -200 bp,Immediate persistent parallel decrease with deposit-rate floor and prepayment response.,-200.0,parallel shift,0.0,27469743866.298347,3485677062.851944,4761584749.686639,-174556213.56958103,4761584749.686639,185739536.18817985,4166000000.0,409845213.498459,True,19248660851.665184,11845000000.0,3915000000.0,0.0,0.0,0.0,0.0,0.0,0.0,2361180000.0,19656200000.0,6.103515625e-05,0.1018612504004024,within_assumed_limits,0.0,0.03702825969752484,0.0,0.0,0.0,0.0,0.0,0.0,0.0,0.0,0.0,0.0,0.0,0.0,0.0,sourced_bands_with_explicit_assumptions,12682194370.685076
prefund_0pct_borrow_first_hedge_0pct,steepener,Curve steepener,Short zero rates decrease while long zero rates increase under an exponential research shape.,-55.609024736088756,0.25-year zero-node shift; see shape,0.0,22355841155.77985,-1628225647.6665535,4889513856.831404,-46627106.42481613,4889513856.831404,310374358.1918328,4166000000.0,413139498.63957095,True,19090936733.319447,11845000000.0,3915000000.0,0.0,0.0,0.0,0.0,0.0,0.0,2361180000.0,19656200000.0,6.103515625e-05,0.08556868931761473,within_assumed_limits,0.0,0.03702825969752484,0.0,0.0,0.0,0.0,0.0,0.0,0.0,0.0,0.0,0.0,0.0,0.0,0.0,sourced_bands_with_explicit_assumptions,12682194370.685076
prefund_0pct_borrow_first_hedge_0pct,flattener,Curve flattener,Short zero rates increase while long zero rates decrease under an exponential research shape.,71.51782879388661,0.25-year zero-node shift; see shape,0.0,25220939453.098694,1236872649.6522903,4994257238.217037,58116274.96081734,4994257238.217037,412662475.68363017,4166000000.0,415594762.53340703,True,18975049532.633465,11845000000.0,3915000000.0,0.0,0.0,0.0,0.0,0.0,0.0,2361180000.0,19656200000.0,3.0517578125e-05,0.07335750788505004,within_assumed_limits,0.0,0.03702825969752484,0.0,0.0,0.0,0.0,0.0,0.0,0.0,0.0,0.0,0.0,0.0,0.0,0.0,sourced_bands_with_explicit_assumptions,12682194370.685076
prefund_0pct_borrow_first_hedge_0pct,short_up,Short-rate increase,A +250 bp origin shock decays exponentially with tenor.,234.85326570336895,0.25-year zero-node shift; see shape,0.0,24172573585.2423,188506781.79589462,5120369489.345712,184228526.08949184,5120369489.345712,536131577.1112521,4166000000.0,418237912.2344596,True,18852119645.304493,11845000000.0,3915000000.0,0.0,0.0,0.0,0.0,0.0,0.0,2361180000.0,19656200000.0,3.0517578125e-05,0.06014721975037138,within_assumed_limits,0.0,0.03702825969752484,0.0,0.0,0.0,0.0,0.0,0.0,0.0,0.0,0.0,0.0,0.0,0.0,0.0,sourced_bands_with_explicit_assumptions,12682194370.685076
prefund_0pct_borrow_first_hedge_0pct,short_down,Short-rate decrease,A -250 bp origin shock decays exponentially with tenor.,-234.85326570336895,0.25-year zero-node shift; see shape,0.0,23895379355.667175,-88687447.77922821,4729014597.005205,-207126366.2510147,4729014597.005205,154055970.7320522,4166000000.0,408958626.27315295,True,19291514515.238293,11845000000.0,3915000000.0,0.0,0.0,0.0,0.0,0.0,0.0,2361180000.0,19656200000.0,3.0517578125e-05,0.10622805745623301,within_assumed_limits,0.0,0.03702825969752484,0.0,0.0,0.0,0.0,0.0,0.0,0.0,0.0,0.0,0.0,0.0,0.0,0.0,sourced_bands_with_explicit_assumptions,12682194370.685076
prefund_0pct_borrow_first_hedge_0pct,combined_run,Rates up + deposit runoff,"Parallel +200 bp and 45% requested deposit runoff, with 45% of that runoff requested in month one.",200.0,parallel shift,45.0,17656798793.326267,-6327268010.120136,3829098662.0832725,-1107042301.1729474,3829098662.0832725,-1212465658.2263825,4166000000.0,417717292.42388695,True,2361180000.0,2361180000.0,19656200000.0,5102107551.406744,4644260523.520976,-457847027.88576794,0.0,0.0,0.0,2361180000.0,19656200000.0,3.0517578125e-05,0.06275452723790029,breach,0.0,0.03702825969752484,0.0,0.0,0.0,0.0,0.0,0.0,0.0,0.0,0.0,0.0,0.0,0.0,0.0,sourced_bands_with_explicit_assumptions,12682194370.685076
prefund_0pct_borrow_first_hedge_5pct,baseline,Unshocked baseline,"Static opening portfolio with loan runoff, retained modeled earnings and no requested deposit withdrawals.",0.0,parallel shift,0,23983279743.446407,3.814697265625e-06,4932603092.4395275,0.0,4923223704.23014,357254585.9841604,4166000000.0,414260624.9521942,True,18879700229.782433,11686800940.0,3915000000.0,0.0,0.0,0.0,0.0,0.0,0.0,2361180000.0,19656200000.0,3.69194895029068e-05,0.08,within_assumed_limits,7870600000.0,0.03702825969752484,2.4466717150062323e-06,-14909882.96558322,5530494.756195116,15078566.706215343,168683.74063212238,787060.0,157412000.0,157412000.0,157412000.0,0.0,12912664.981744086,0.0,0.0,sourced_bands_with_explicit_assumptions,12682194370.685076
prefund_0pct_borrow_first_hedge_5pct,parallel_up,Parallel +200 bp,Immediate persistent parallel increase; no extra deposit withdrawals.,200.0,parallel shift,0.0,20946566000.13535,-3036713743.311054,5090617518.975112,158014426.53558445,5228980689.906225,1222577818.9368994,4166000000.0,417717292.42388695,True,18718132465.69958,11686800940.0,3915000000.0,0.0,0.0,0.0,0.0,0.0,0.0,2361180000.0,19656200000.0,3.647804260253906e-05,0.06275452723790029,within_assumed_limits,7870600000.0,0.03702825969752484,672737835.0061053,129672578.04952154,8690592.881591681,578101481.4545611,707774059.5040827,787060.0,157412000.0,157412000.0,157412000.0,0.0,676126887.985293,0.0,0.0,sourced_bands_with_explicit_assumptions,12682194370.685076
prefund_0pct_borrow_first_hedge_5pct,parallel_down,Parallel -200 bp,Immediate persistent parallel decrease with deposit-rate floor and prepayment response.,-200.0,parallel shift,0.0,26726385064.77445,2743105321.328045,4753545106.289594,-179057986.14993382,4607011722.7366705,-563283245.425953,4166000000.0,409845213.498459,True,18347446265.404003,10944229198.476103,3915000000.0,0.0,0.0,0.0,0.0,0.0,0.0,2361180000.0,19656200000.0,6.103515625e-05,0.1018612504004024,within_assumed_limits,7870600000.0,0.03702825969752484,-742571741.5238973,-159251790.59691122,12718407.043988105,-593662694.6641644,-752914485.2610756,787060.0,157412000.0,900903907.2155635,900903907.2155635,743491907.2155635,0.0,0.0,0.0,sourced_bands_with_explicit_assumptions,12682194370.685076
prefund_0pct_borrow_first_hedge_5pct,steepener,Curve steepener,Short zero rates decrease while long zero rates increase under an exponential research shape.,-55.609024736088756,0.25-year zero-node shift; see shape,0.0,22512879080.12995,-1470400663.316452,4886348917.500153,-46254174.93937492,4856382617.506938,474967868.4771416,4166000000.0,413139498.63957095,True,18932768983.393486,11686800940.0,3915000000.0,0.0,0.0,0.0,0.0,0.0,0.0,2361180000.0,19656200000.0,3.635883331298828e-05,0.08556868931761473,within_assumed_limits,7870600000.0,0.03702825969752484,157824984.3501018,-35011970.075571805,5045670.082357826,198511809.6097749,163499839.53420308,787060.0,157412000.0,157412000.0,157412000.0,0.0,195637421.2109927,0.0,0.0,sourced_bands_with_explicit_assumptions,12682194370.685076
prefund_0pct_borrow_first_hedge_5pct,flattener,Curve flattener,Short zero rates increase while long zero rates decrease under an exponential research shape.,71.51782879388661,0.25-year zero-node shift; see shape,0.0,25150895740.984936,1167615997.5385323,4988243113.524578,55640021.08505058,5016474628.185688,342909408.77100676,4166000000.0,415594762.53340703,True,18747687786.884327,11617544287.886242,3915000000.0,0.0,0.0,0.0,0.0,0.0,0.0,2361180000.0,19656200000.0,3.0517578125e-05,0.07335750788505004,within_assumed_limits,7870600000.0,0.03702825969752484,-69256652.11375783,18634990.544216048,9596524.116893973,-91183396.88127397,-72548406.33705792,787060.0,157412000.0,248845632.28650618,248845632.28650618,91433632.28650618,0.0,1.4901161193847656e-08,0.0,sourced_bands_with_explicit_assumptions,12682194370.685076
prefund_0pct_borrow_first_hedge_5pct,short_up,Short-rate increase,A +250 bp origin shock decays exponentially with tenor.,234.85326570336895,0.25-year zero-node shift; see shape,0.0,24422485373.30656,439205629.860157,5116691337.15506,184088244.7155323,5247778059.380247,801997826.945555,4166000000.0,418237912.2344596,True,18694114533.21482,11686800940.0,3915000000.0,0.0,0.0,0.0,0.0,0.0,0.0,2361180000.0,19656200000.0,6.711483001708984e-05,0.06014721975037138,within_assumed_limits,7870600000.0,0.03702825969752484,250698848.06426108,122479858.86939695,8606863.355789836,139244739.79976717,261724598.66916412,787060.0,157412000.0,157412000.0,157412000.0,0.0,252144054.24291846,0.0,0.0,sourced_bands_with_explicit_assumptions,12682194370.685076
prefund_0pct_borrow_first_hedge_5pct,short_down,Short-rate decrease,A -250 bp origin shock decays exponentially with tenor.,-234.85326570336895,0.25-year zero-node shift; see shape,0.0,23634343066.662132,-348936676.78427124,4726228771.095648,-206374321.3438797,4579552778.023147,-107306920.10235274,4166000000.0,408958626.27315295,True,18872998603.492275,11426551710.994959,3915000000.0,0.0,0.0,0.0,0.0,0.0,0.0,2361180000.0,19656200000.0,3.0517578125e-05,0.10622805745623301,within_assumed_limits,7870600000.0,0.03702825969752484,-260249229.00504136,-152078843.1280428,5402850.055541836,-111114011.85234684,-263192854.98038962,787060.0,157412000.0,417795127.5650779,417795127.5650779,260383127.5650779,0.0,2.9802322387695312e-08,0.0,sourced_bands_with_explicit_assumptions,12682194370.685076
prefund_0pct_borrow_first_hedge_5pct,combined_run,Rates up + deposit runoff,"Parallel +200 bp and 45% requested deposit runoff, with 45% of that runoff requested in month one.",200.0,parallel shift,45.0,18328749568.33237,-5654530175.114033,3824186117.7042575,-1108416974.73527,3962549288.6353707,-513830812.387479,4166000000.0,417717292.42388695,True,2361180000.0,2361180000.0,19656200000.0,5236920251.223724,4766943021.1702,-469977230.053524,0.0,0.0,0.0,2361180000.0,19656200000.0,3.0517578125e-05,0.06275452723790029,breach,7870600000.0,0.03702825969752484,672737835.0061053,129672578.04952154,8690592.881591681,578101481.4545611,707774059.5040827,787060.0,157412000.0,157412000.0,157412000.0,0.0,676126887.985293,0.0,0.0,sourced_bands_with_explicit_assumptions,12682194370.685076
prefund_0pct_borrow_first_hedge_10pct,baseline,Unshocked baseline,"Static opening portfolio with loan runoff, retained modeled earnings and no requested deposit withdrawals.",0.0,parallel shift,0,23982492683.446407,3.814697265625e-06,4929065221.622835,0.0,4910306445.204059,358628833.6642952,4166000000.0,414260624.9521942,True,18721567785.23005,11528601880.0,3915000000.0,0.0,0.0,0.0,0.0,0.0,0.0,2361180000.0,19656200000.0,6.22142106294632e-05,0.08,within_assumed_limits,15741200000.0,0.03702825969752484,4.8933434300124645e-06,-29819765.93116644,11060989.512390232,30157133.412430685,337367.48126424477,1574120.0,314824000.0,314824000.0,314824000.0,0.0,25825329.963488173,0.0,0.0,sourced_bands_with_explicit_assumptions,12682194370.685076
prefund_0pct_borrow_first_hedge_10pct,parallel_up,Parallel +200 bp,Immediate persistent parallel increase; no extra deposit withdrawals.,200.0,parallel shift,0.0,21618516775.141457,-2363975908.304947,5087090538.297981,158025316.6751461,5363816880.160208,1934728430.6454432,4166000000.0,417717292.42388695,True,18560097168.567234,11528601880.0,3915000000.0,0.0,0.0,0.0,0.0,0.0,0.0,2361180000.0,19656200000.0,3.3855438232421875e-05,0.06275452723790029,within_assumed_limits,15741200000.0,0.03702825969752484,1345475670.0122106,259345156.09904307,17381185.763183363,1156202962.9091222,1415548119.0081654,1574120.0,314824000.0,314824000.0,314824000.0,0.0,1352253775.970586,0.0,0.0,sourced_bands_with_explicit_assumptions,12682194370.685076
prefund_0pct_borrow_first_hedge_10pct,parallel_down,Parallel -200 bp,Immediate persistent parallel decrease with deposit-rate floor and prepayment response.,-200.0,parallel shift,0.0,25983026263.250553,2000533579.8041496,4745505462.892549,-183559758.7302866,4452438695.786702,-1312306027.0400858,4166000000.0,409845213.498459,True,17446231679.142826,10043458396.952206,3915000000.0,0.0,0.0,0.0,0.0,0.0,0.0,2361180000.0,19656200000.0,6.103515625e-05,0.1018612504004024,within_assumed_limits,15741200000.0,0.03702825969752484,-1485143483.0477946,-318503581.19382244,25436814.08797621,-1187325389.3283288,-1505828970.5221512,1574120.0,314824000.0,1801807814.431127,1801807814.431127,1486983814.431127,0.0,0.0,0.0,sourced_bands_with_explicit_assumptions,12682194370.685076
prefund_0pct_borrow_first_hedge_10pct,steepener,Curve steepener,Short zero rates decrease while long zero rates increase under an exponential research shape.,-55.609024736088756,0.25-year zero-node shift; see shape,0.0,22669917004.480053,-1312575678.9663506,4883183978.168901,-45881243.453933716,4823251378.182473,639561378.7624524,4166000000.0,413139498.63957095,True,18774601233.46753,11528601880.0,3915000000.0,0.0,0.0,0.0,0.0,0.0,0.0,2361180000.0,19656200000.0,5.328655242919922e-05,0.08556868931761473,within_assumed_limits,15741200000.0,0.03702825969752484,315649968.7002036,-70023940.15114361,10091340.164715651,397023619.2195498,326999679.06840616,1574120.0,314824000.0,314824000.0,314824000.0,0.0,391274842.4219854,0.0,0.0,sourced_bands_with_explicit_assumptions,12682194370.685076
prefund_0pct_borrow_first_hedge_10pct,flattener,Curve flattener,Short zero rates increase while long zero rates decrease under an exponential research shape.,71.51782879388661,0.25-year zero-node shift; see shape,0.0,25080852028.871178,1098359345.4247742,4982228988.832119,53163767.20928383,5038692018.154339,273156341.8583843,4166000000.0,415594762.53340703,True,18520326041.135185,11390088575.772484,3915000000.0,0.0,0.0,0.0,0.0,0.0,0.0,2361180000.0,19656200000.0,6.103515625e-05,0.07335750788505004,within_assumed_limits,15741200000.0,0.03702825969752484,-138513304.22751567,37269981.088432096,19193048.233787946,-182366793.76254794,-145096812.67411584,1574120.0,314824000.0,497691264.57301235,497691264.57301235,182867264.57301235,0.0,2.9802322387695312e-08,0.0,sourced_bands_with_explicit_assumptions,12682194370.685076
prefund_0pct_borrow_first_hedge_10pct,short_up,Short-rate increase,A +250 bp origin shock decays exponentially with tenor.,234.85326570336895,0.25-year zero-node shift; see shape,0.0,24672397161.37082,689904477.9244156,5113013184.964407,183947963.3415718,5375186629.414781,1067864076.779855,4166000000.0,418237912.2344596,True,18536109421.12515,11528601880.0,3915000000.0,0.0,0.0,0.0,0.0,0.0,0.0,2361180000.0,19656200000.0,5.125999450683594e-05,0.06014721975037138,within_assumed_limits,15741200000.0,0.03702825969752484,501397696.12852216,244959717.7387939,17213726.711579673,278489479.59953433,523449197.33832824,1574120.0,314824000.0,314824000.0,314824000.0,0.0,504288108.4858369,0.0,0.0,sourced_bands_with_explicit_assumptions,12682194370.685076
prefund_0pct_borrow_first_hedge_10pct,short_down,Short-rate decrease,A -250 bp origin shock decays exponentially with tenor.,-234.85326570336895,0.25-year zero-node shift; see shape,0.0,23373306777.657093,-609185905.7893105,4723442945.186089,-205622276.4367466,4430090959.041087,-368669810.9367596,4166000000.0,408958626.27315295,True,18454482691.746265,11008103421.989918,3915000000.0,0.0,0.0,0.0,0.0,0.0,0.0,2361180000.0,19656200000.0,3.0517578125e-05,0.10622805745623301,within_assumed_limits,15741200000.0,0.03702825969752484,-520498458.0100827,-304157686.2560856,10805700.111083671,-222228023.70469368,-526385709.96077925,1574120.0,314824000.0,835590255.1301558,835590255.1301558,520766255.1301558,0.0,5.960464477539063e-08,0.0,sourced_bands_with_explicit_assumptions,12682194370.685076
prefund_0pct_borrow_first_hedge_10pct,combined_run,Rates up + deposit runoff,"Parallel +200 bp and 45% requested deposit runoff, with 45% of that runoff requested in month one.",200.0,parallel shift,45.0,19000700343.338478,-4981792340.107925,3819273573.325243,-1109791648.2975922,4095999915.1874695,184804033.45142585,4166000000.0,417717292.42388695,True,2361180000.0,2361180000.0,19656200000.0,5371732951.040691,4889625518.819412,-482107432.22127914,0.0,0.0,0.0,2361180000.0,19656200000.0,3.0517578125e-05,0.06275452723790029,breach,15741200000.0,0.03702825969752484,1345475670.0122106,259345156.09904307,17381185.763183363,1156202962.9091222,1415548119.0081654,1574120.0,314824000.0,314824000.0,314824000.0,0.0,1352253775.970586,0.0,0.0,sourced_bands_with_explicit_assumptions,12682194370.685076
prefund_0pct_borrow_first_hedge_15pct,baseline,Unshocked baseline,"Static opening portfolio with loan runoff, retained modeled earnings and no requested deposit withdrawals.",0.0,parallel shift,0,23981705623.44641,7.62939453125e-06,4925527350.806143,0.0,4897389186.1779785,360003081.3444309,4166000000.0,414260624.9521942,True,18563435340.67766,11370402820.0,3915000000.0,0.0,0.0,0.0,0.0,0.0,0.0,2361180000.0,19656200000.0,6.603449583053589e-05,0.08,within_assumed_limits,23611800000.0,0.03702825969752484,8.17951513454318e-06,-44729648.896749474,16591484.268585347,45235700.11864672,506051.22189724445,2361180.0,472236000.0,472236000.0,472236000.0,0.0,38737994.945232965,0.0,0.0,sourced_bands_with_explicit_assumptions,12682194370.685076
prefund_0pct_borrow_first_hedge_15pct,parallel_up,Parallel +200 bp,Immediate persistent parallel increase; no extra deposit withdrawals.,200.0,parallel shift,0.0,22290467550.147564,-1691238073.2988396,5083563557.620851,158036206.81470776,5498653070.41419,2646879042.353987,4166000000.0,417717292.42388695,True,18402061871.434887,11370402820.0,3915000000.0,0.0,0.0,0.0,0.0,0.0,0.0,2361180000.0,19656200000.0,3.600120544433594e-05,0.06275452723790029,within_assumed_limits,23611800000.0,0.03702825969752484,2018213505.0183167,389017734.1485648,26071778.644775044,1734304444.3636842,2123322178.512249,2361180.0,472236000.0,472236000.0,472236000.0,0.0,2028380663.95588,0.0,0.0,sourced_bands_with_explicit_assumptions,12682194370.685076
prefund_0pct_borrow_first_hedge_15pct,parallel_down,Parallel -200 bp,Immediate persistent parallel decrease with deposit-rate floor and prepayment response.,-200.0,parallel shift,0.0,25239667461.726658,1257961838.2802544,4737465819.495503,-188061531.31063938,4297865668.836735,-2061328808.6542163,4166000000.0,409845213.498459,True,16545017092.881649,9142687595.428308,3915000000.0,0.0,0.0,0.0,0.0,0.0,0.0,2361180000.0,19656200000.0,6.103515625e-05,0.1018612504004024,within_assumed_limits,23611800000.0,0.03702825969752484,-2227715224.571691,-477755371.7907335,38155221.131964296,-1780988083.9924922,-2258743455.7832255,2361180.0,472236000.0,2702711721.64669,2702711721.64669,2230475721.64669,0.0,2.384185791015625e-07,0.0,sourced_bands_with_explicit_assumptions,12682194370.685076
prefund_0pct_borrow_first_hedge_15pct,steepener,Curve steepener,Short zero rates decrease while long zero rates increase under an exponential research shape.,-55.609024736088756,0.25-year zero-node shift; see shape,0.0,22826954928.830154,-1154750694.616249,4880019038.837651,-45508311.968491554,4790120138.858009,804154889.0477641,4166000000.0,413139498.63957095,True,18616433483.54157,11370402820.0,3915000000.0,0.0,0.0,0.0,0.0,0.0,0.0,2361180000.0,19656200000.0,3.260374069213867e-05,0.08556868931761473,within_assumed_limits,23611800000.0,0.03702825969752484,473474953.05030614,-105035910.22671527,15137010.247073479,595535428.8293257,490499518.6026104,2361180.0,472236000.0,472236000.0,472236000.0,0.0,586912263.6329792,0.0,0.0,sourced_bands_with_explicit_assumptions,12682194370.685076
prefund_0pct_borrow_first_hedge_15pct,flattener,Curve flattener,Short zero rates increase while long zero rates decrease under an exponential research shape.,71.51782879388661,0.25-year zero-node shift; see shape,0.0,25010808316.75742,1029102693.3110161,4976214864.139661,50687513.33351803,5060909408.122992,203403274.94576377,4166000000.0,415594762.53340703,True,18292964295.386047,11162632863.658728,3915000000.0,0.0,0.0,0.0,0.0,0.0,0.0,2361180000.0,19656200000.0,3.0517578125e-05,0.07335750788505004,within_assumed_limits,23611800000.0,0.03702825969752484,-207769956.34127262,55904971.63264833,28789572.35068189,-273550190.6438212,-217645219.01117286,2361180.0,472236000.0,746536896.8595178,746536896.8595178,274300896.85951775,0.0,5.960464477539063e-08,0.0,sourced_bands_with_explicit_assumptions,12682194370.685076
prefund_0pct_borrow_first_hedge_15pct,short_up,Short-rate increase,A +250 bp origin shock decays exponentially with tenor.,234.85326570336895,0.25-year zero-node shift; see shape,0.0,24922308949.43508,940603325.988678,5109335032.773755,183807681.96761227,5502595199.449316,1333730326.6141589,4166000000.0,418237912.2344596,True,18378104309.035477,11370402820.0,3915000000.0,0.0,0.0,0.0,0.0,0.0,0.0,2361180000.0,19656200000.0,3.0517578125e-05,0.06014721975037138,within_assumed_limits,23611800000.0,0.03702825969752484,752096544.1927841,367439576.6081911,25820590.06736951,417734219.39930207,785173796.0074931,2361180.0,472236000.0,472236000.0,472236000.0,0.0,756432162.7287562,0.0,0.0,sourced_bands_with_explicit_assumptions,12682194370.685076
prefund_0pct_borrow_first_hedge_15pct,short_down,Short-rate decrease,A -250 bp origin shock decays exponentially with tenor.,-234.85326570336895,0.25-year zero-node shift; see shape,0.0,23112270488.652054,-869435134.7943497,4720657119.27653,-204870231.52961254,4280629140.0590277,-630032701.771165,4166000000.0,408958626.27315295,True,18035966780.000248,10589655132.984877,3915000000.0,0.0,0.0,0.0,0.0,0.0,0.0,2361180000.0,19656200000.0,3.0517578125e-05,0.10622805745623301,within_assumed_limits,23611800000.0,0.03702825969752484,-780747687.0151231,-456236529.3841282,16208550.166625496,-333342035.5570398,-789578564.9411681,2361180.0,472236000.0,1253385382.6952329,1253385382.6952329,781149382.6952329,0.0,1.1920928955078125e-07,0.0,sourced_bands_with_explicit_assumptions,12682194370.685076
prefund_0pct_borrow_first_hedge_15pct,combined_run,Rates up + deposit runoff,"Parallel +200 bp and 45% requested deposit runoff, with 45% of that runoff requested in month one.",200.0,parallel shift,45.0,19672651118.344585,-4309054505.101818,3814361028.9462285,-1111166321.8599143,4229450541.739568,883438879.2903311,4166000000.0,417717292.42388695,True,2361179999.999999,2361179999.999999,19656200000.0,5506545650.857664,5012308016.46863,-494237634.3890343,0.0,0.0,9.5367431640625e-07,2361180000.0,19656200000.0,3.0517578125e-05,0.06275452723790029,within_assumed_limits,23611800000.0,0.03702825969752484,2018213505.0183167,389017734.1485648,26071778.644775044,1734304444.3636842,2123322178.512249,2361180.0,472236000.0,472236000.0,472236000.0,0.0,2028380663.95588,0.0,0.0,sourced_bands_with_explicit_assumptions,12682194370.685076
prefund_0pct_borrow_first_hedge_20pct,baseline,Unshocked baseline,"Static opening portfolio with loan runoff, retained modeled earnings and no requested deposit withdrawals.",0.0,parallel shift,0,23980918563.446415,1.1444091796875e-05,4921989479.989451,0.0,4884471927.151898,361377329.0245657,4166000000.0,414260624.9521942,True,18405302896.125275,11212203760.0,3915000000.0,0.0,0.0,0.0,0.0,0.0,0.0,2361180000.0,19656200000.0,3.8139522075653076e-05,0.08,within_assumed_limits,31482400000.0,0.03702825969752484,9.786686860024929e-06,-59639531.86233288,22121979.024780463,60314266.82486137,674734.9625284895,3148240.0,629648000.0,629648000.0,629648000.0,0.0,51650659.926976345,0.0,0.0,sourced_bands_with_explicit_assumptions,12682194370.685076
prefund_0pct_borrow_first_hedge_20pct,parallel_up,Parallel +200 bp,Immediate persistent parallel increase; no extra deposit withdrawals.,200.0,parallel shift,0.0,22962418325.153667,-1018500238.292736,5080036576.943721,158047096.9542694,5633489260.668174,3359029654.062531,4166000000.0,417717292.42388695,True,18244026574.30254,11212203760.0,3915000000.0,0.0,0.0,0.0,0.0,0.0,0.0,2361180000.0,19656200000.0,3.1948089599609375e-05,0.06275452723790029,within_assumed_limits,31482400000.0,0.03702825969752484,2690951340.024421,518690312.19808614,34762371.526366726,2312405925.8182445,2831096238.0163307,3148240.0,629648000.0,629648000.0,629648000.0,0.0,2704507551.941172,0.0,0.0,sourced_bands_with_explicit_assumptions,12682194370.685076
prefund_0pct_borrow_first_hedge_20pct,parallel_down,Parallel -200 bp,Immediate persistent parallel decrease with deposit-rate floor and prepayment response.,-200.0,parallel shift,0.0,24496308660.20276,515390096.7563553,4729426176.098459,-192563303.89099216,4143292641.886767,-2810351590.2683496,4166000000.0,409845213.498459,True,15643802506.620472,8241916793.904411,3915000000.0,0.0,0.0,0.0,0.0,0.0,0.0,2361180000.0,19656200000.0,3.0517578125e-05,0.1018612504004024,within_assumed_limits,31482400000.0,0.03702825969752484,-2970286966.095589,-637007162.3876449,50873628.17595242,-2374650778.6566577,-3011657941.0443025,3148240.0,629648000.0,3603615628.862254,3603615628.862254,2973967628.862254,0.0,0.0,0.0,sourced_bands_with_explicit_assumptions,12682194370.685076
prefund_0pct_borrow_first_hedge_20pct,steepener,Curve steepener,Short zero rates decrease while long zero rates increase under an exponential research shape.,-55.609024736088756,0.25-year zero-node shift; see shape,0.0,22983992853.180256,-996925710.2661476,4876854099.5064,-45135380.4830513,4756988899.533545,968748399.3330729,4166000000.0,413139498.63957095,True,18458265733.61562,11212203760.0,3915000000.0,0.0,0.0,0.0,0.0,0.0,0.0,2361180000.0,19656200000.0,3.337860107421875e-05,0.08556868931761473,within_assumed_limits,31482400000.0,0.03702825969752484,631299937.4004072,-140047880.30228722,20182680.329431303,794047238.4390996,653999358.1368123,3148240.0,629648000.0,629648000.0,629648000.0,0.0,782549684.8439708,0.0,0.0,sourced_bands_with_explicit_assumptions,12682194370.685076
prefund_0pct_borrow_first_hedge_20pct,flattener,Curve flattener,Short zero rates increase while long zero rates decrease under an exponential research shape.,71.51782879388661,0.25-year zero-node shift; see shape,0.0,24940764604.64366,959846041.197258,4970200739.447202,48211259.45775032,5083126798.091642,133650208.03313941,4166000000.0,415594762.53340703,True,18065602549.6369,10935177151.54497,3915000000.0,0.0,0.0,0.0,0.0,0.0,0.0,2361180000.0,19656200000.0,3.0517578125e-05,0.07335750788505004,within_assumed_limits,31482400000.0,0.03702825969752484,-277026608.45503134,74539962.17686419,38386096.46757589,-364733587.5250959,-290193625.3482317,3148240.0,629648000.0,995382529.1460247,995382529.1460247,365734529.1460247,0.0,5.960464477539063e-08,0.0,sourced_bands_with_explicit_assumptions,12682194370.685076
prefund_0pct_borrow_first_hedge_20pct,short_up,Short-rate increase,A +250 bp origin shock decays exponentially with tenor.,234.85326570336895,0.25-year zero-node shift; see shape,0.0,25172220737.499344,1191302174.0529404,5105656880.583102,183667400.59365082,5630003769.48385,1599596576.448459,4166000000.0,418237912.2344596,True,18220099196.945805,11212203760.0,3915000000.0,0.0,0.0,0.0,0.0,0.0,0.0,2361180000.0,19656200000.0,5.2809715270996094e-05,0.06014721975037138,within_assumed_limits,31482400000.0,0.03702825969752484,1002795392.2570443,489919435.4775878,34427453.423159346,556978959.1990687,1046898394.6766565,3148240.0,629648000.0,629648000.0,629648000.0,0.0,1008576216.9716738,0.0,0.0,sourced_bands_with_explicit_assumptions,12682194370.685076
prefund_0pct_borrow_first_hedge_20pct,short_down,Short-rate decrease,A -250 bp origin shock decays exponentially with tenor.,-234.85326570336895,0.25-year zero-node shift; see shape,0.0,22851234199.64701,-1129684363.7993927,4717871293.366972,-204118186.62247944,4131167321.076968,-891395592.6055723,4166000000.0,408958626.27315295,True,17617450868.25424,10171206843.979836,3915000000.0,0.0,0.0,0.0,0.0,0.0,0.0,2361180000.0,19656200000.0,3.0517578125e-05,0.10622805745623301,within_assumed_limits,31482400000.0,0.03702825969752484,-1040996916.0201654,-608315372.5121711,21611400.222167343,-444456047.40938735,-1052771419.9215585,3148240.0,629648000.0,1671180510.2603116,1671180510.2603116,1041532510.2603116,0.0,1.1920928955078125e-07,0.0,sourced_bands_with_explicit_assumptions,12682194370.685076
prefund_0pct_borrow_first_hedge_20pct,combined_run,Rates up + deposit runoff,"Parallel +200 bp and 45% requested deposit runoff, with 45% of that runoff requested in month one.",200.0,parallel shift,45.0,20344601893.35069,-3636316670.0957146,3809448484.567214,-1112540995.4222374,4362901168.291667,1582073725.1292346,4166000000.0,417717292.42388695,True,2361180000.0,2361180000.0,19656200000.0,5641358350.674637,5134990514.117847,-506367836.55678964,0.0,0.0,0.0,2361180000.0,19656200000.0,4.863739013671875e-05,0.06275452723790029,within_assumed_limits,31482400000.0,0.03702825969752484,2690951340.024421,518690312.19808614,34762371.526366726,2312405925.8182445,2831096238.0163307,3148240.0,629648000.0,629648000.0,629648000.0,0.0,2704507551.941172,0.0,0.0,sourced_bands_with_explicit_assumptions,12682194370.685076
prefund_0pct_sell_first_hedge_0pct,baseline,Unshocked baseline,"Static opening portfolio with loan runoff, retained modeled earnings and no requested deposit withdrawals.",0.0,parallel shift,0,23984066803.446404,0.0,4936140963.25622,0.0,4936140963.25622,355880338.30402565,4166000000.0,414260624.9521942,True,19037832674.334816,11845000000.0,3915000000.0,0.0,0.0,0.0,0.0,0.0,0.0,2361180000.0,19656200000.0,3.0517578125e-05,0.08,within_assumed_limits,0.0,0.03702825969752484,0.0,0.0,0.0,0.0,0.0,0.0,0.0,0.0,0.0,0.0,0.0,0.0,0.0,sourced_bands_with_explicit_assumptions,12682194370.685076
prefund_0pct_sell_first_hedge_0pct,parallel_up,Parallel +200 bp,Immediate persistent parallel increase; no extra deposit withdrawals.,200.0,parallel shift,0.0,20274615225.129246,-3709451578.3171577,5094144499.652243,158003536.3960228,5094144499.652243,510427207.2283557,4166000000.0,417717292.42388695,True,18876167762.831936,11845000000.0,3915000000.0,0.0,0.0,0.0,0.0,0.0,0.0,2361180000.0,19656200000.0,3.0517578125e-05,0.06275452723790029,within_assumed_limits,0.0,0.03702825969752484,0.0,0.0,0.0,0.0,0.0,0.0,0.0,0.0,0.0,0.0,0.0,0.0,0.0,sourced_bands_with_explicit_assumptions,12682194370.685076
prefund_0pct_sell_first_hedge_0pct,parallel_down,Parallel -200 bp,Immediate persistent parallel decrease with deposit-rate floor and prepayment response.,-200.0,parallel shift,0.0,27469743866.298347,3485677062.851944,4761584749.686639,-174556213.56958103,4761584749.686639,185739536.18817985,4166000000.0,409845213.498459,True,19248660851.665184,11845000000.0,3915000000.0,0.0,0.0,0.0,0.0,0.0,0.0,2361180000.0,19656200000.0,6.103515625e-05,0.1018612504004024,within_assumed_limits,0.0,0.03702825969752484,0.0,0.0,0.0,0.0,0.0,0.0,0.0,0.0,0.0,0.0,0.0,0.0,0.0,sourced_bands_with_explicit_assumptions,12682194370.685076
prefund_0pct_sell_first_hedge_0pct,steepener,Curve steepener,Short zero rates decrease while long zero rates increase under an exponential research shape.,-55.609024736088756,0.25-year zero-node shift; see shape,0.0,22355841155.77985,-1628225647.6665535,4889513856.831404,-46627106.42481613,4889513856.831404,310374358.1918328,4166000000.0,413139498.63957095,True,19090936733.319447,11845000000.0,3915000000.0,0.0,0.0,0.0,0.0,0.0,0.0,2361180000.0,19656200000.0,6.103515625e-05,0.08556868931761473,within_assumed_limits,0.0,0.03702825969752484,0.0,0.0,0.0,0.0,0.0,0.0,0.0,0.0,0.0,0.0,0.0,0.0,0.0,sourced_bands_with_explicit_assumptions,12682194370.685076
prefund_0pct_sell_first_hedge_0pct,flattener,Curve flattener,Short zero rates increase while long zero rates decrease under an exponential research shape.,71.51782879388661,0.25-year zero-node shift; see shape,0.0,25220939453.098694,1236872649.6522903,4994257238.217037,58116274.96081734,4994257238.217037,412662475.68363017,4166000000.0,415594762.53340703,True,18975049532.633465,11845000000.0,3915000000.0,0.0,0.0,0.0,0.0,0.0,0.0,2361180000.0,19656200000.0,3.0517578125e-05,0.07335750788505004,within_assumed_limits,0.0,0.03702825969752484,0.0,0.0,0.0,0.0,0.0,0.0,0.0,0.0,0.0,0.0,0.0,0.0,0.0,sourced_bands_with_explicit_assumptions,12682194370.685076
prefund_0pct_sell_first_hedge_0pct,short_up,Short-rate increase,A +250 bp origin shock decays exponentially with tenor.,234.85326570336895,0.25-year zero-node shift; see shape,0.0,24172573585.2423,188506781.79589462,5120369489.345712,184228526.08949184,5120369489.345712,536131577.1112521,4166000000.0,418237912.2344596,True,18852119645.304493,11845000000.0,3915000000.0,0.0,0.0,0.0,0.0,0.0,0.0,2361180000.0,19656200000.0,3.0517578125e-05,0.06014721975037138,within_assumed_limits,0.0,0.03702825969752484,0.0,0.0,0.0,0.0,0.0,0.0,0.0,0.0,0.0,0.0,0.0,0.0,0.0,sourced_bands_with_explicit_assumptions,12682194370.685076
prefund_0pct_sell_first_hedge_0pct,short_down,Short-rate decrease,A -250 bp origin shock decays exponentially with tenor.,-234.85326570336895,0.25-year zero-node shift; see shape,0.0,23895379355.667175,-88687447.77922821,4729014597.005205,-207126366.2510147,4729014597.005205,154055970.7320522,4166000000.0,408958626.27315295,True,19291514515.238293,11845000000.0,3915000000.0,0.0,0.0,0.0,0.0,0.0,0.0,2361180000.0,19656200000.0,3.0517578125e-05,0.10622805745623301,within_assumed_limits,0.0,0.03702825969752484,0.0,0.0,0.0,0.0,0.0,0.0,0.0,0.0,0.0,0.0,0.0,0.0,0.0,sourced_bands_with_explicit_assumptions,12682194370.685076
prefund_0pct_sell_first_hedge_0pct,combined_run,Rates up + deposit runoff,"Parallel +200 bp and 45% requested deposit runoff, with 45% of that runoff requested in month one.",200.0,parallel shift,45.0,17656798793.326267,-6327268010.120136,4079800195.4157686,-856340767.8404512,4079800195.4157686,-1642984876.7296917,4166000000.0,417717292.42388695,True,2361180000.0,2361180000.0,13079947844.831192,12574626083.602537,11435558303.880962,-1139067779.7215734,0.0,0.0,0.0,2361180000.0,19656200000.0,3.0517578125e-05,0.06275452723790029,breach,0.0,0.03702825969752484,0.0,0.0,0.0,0.0,0.0,0.0,0.0,0.0,0.0,0.0,0.0,0.0,0.0,sourced_bands_with_explicit_assumptions,12682194370.685076
prefund_0pct_sell_first_hedge_5pct,baseline,Unshocked baseline,"Static opening portfolio with loan runoff, retained modeled earnings and no requested deposit withdrawals.",0.0,parallel shift,0,23983279743.446407,3.814697265625e-06,4932603092.4395275,0.0,4923223704.23014,357254585.9841604,4166000000.0,414260624.9521942,True,18879700229.782433,11686800940.0,3915000000.0,0.0,0.0,0.0,0.0,0.0,0.0,2361180000.0,19656200000.0,3.69194895029068e-05,0.08,within_assumed_limits,7870600000.0,0.03702825969752484,2.4466717150062323e-06,-14909882.96558322,5530494.756195116,15078566.706215343,168683.74063212238,787060.0,157412000.0,157412000.0,157412000.0,0.0,12912664.981744086,0.0,0.0,sourced_bands_with_explicit_assumptions,12682194370.685076
prefund_0pct_sell_first_hedge_5pct,parallel_up,Parallel +200 bp,Immediate persistent parallel increase; no extra deposit withdrawals.,200.0,parallel shift,0.0,20946566000.13535,-3036713743.311054,5090617518.975112,158014426.53558445,5228980689.906225,1222577818.9368994,4166000000.0,417717292.42388695,True,18718132465.69958,11686800940.0,3915000000.0,0.0,0.0,0.0,0.0,0.0,0.0,2361180000.0,19656200000.0,3.647804260253906e-05,0.06275452723790029,within_assumed_limits,7870600000.0,0.03702825969752484,672737835.0061053,129672578.04952154,8690592.881591681,578101481.4545611,707774059.5040827,787060.0,157412000.0,157412000.0,157412000.0,0.0,676126887.985293,0.0,0.0,sourced_bands_with_explicit_assumptions,12682194370.685076
prefund_0pct_sell_first_hedge_5pct,parallel_down,Parallel -200 bp,Immediate persistent parallel decrease with deposit-rate floor and prepayment response.,-200.0,parallel shift,0.0,26726385064.77445,2743105321.328045,4753545106.289594,-179057986.14993382,4607011722.7366705,-563283245.425953,4166000000.0,409845213.498459,True,18347446265.404003,10944229198.476103,3915000000.0,0.0,0.0,0.0,0.0,0.0,0.0,2361180000.0,19656200000.0,6.103515625e-05,0.1018612504004024,within_assumed_limits,7870600000.0,0.03702825969752484,-742571741.5238973,-159251790.59691122,12718407.043988105,-593662694.6641644,-752914485.2610756,787060.0,157412000.0,900903907.2155635,900903907.2155635,743491907.2155635,0.0,0.0,0.0,sourced_bands_with_explicit_assumptions,12682194370.685076
prefund_0pct_sell_first_hedge_5pct,steepener,Curve steepener,Short zero rates decrease while long zero rates increase under an exponential research shape.,-55.609024736088756,0.25-year zero-node shift; see shape,0.0,22512879080.12995,-1470400663.316452,4886348917.500153,-46254174.93937492,4856382617.506938,474967868.4771416,4166000000.0,413139498.63957095,True,18932768983.393486,11686800940.0,3915000000.0,0.0,0.0,0.0,0.0,0.0,0.0,2361180000.0,19656200000.0,3.635883331298828e-05,0.08556868931761473,within_assumed_limits,7870600000.0,0.03702825969752484,157824984.3501018,-35011970.075571805,5045670.082357826,198511809.6097749,163499839.53420308,787060.0,157412000.0,157412000.0,157412000.0,0.0,195637421.2109927,0.0,0.0,sourced_bands_with_explicit_assumptions,12682194370.685076
prefund_0pct_sell_first_hedge_5pct,flattener,Curve flattener,Short zero rates increase while long zero rates decrease under an exponential research shape.,71.51782879388661,0.25-year zero-node shift; see shape,0.0,25150895740.984936,1167615997.5385323,4988243113.524578,55640021.08505058,5016474628.185688,342909408.77100676,4166000000.0,415594762.53340703,True,18747687786.884327,11617544287.886242,3915000000.0,0.0,0.0,0.0,0.0,0.0,0.0,2361180000.0,19656200000.0,3.0517578125e-05,0.07335750788505004,within_assumed_limits,7870600000.0,0.03702825969752484,-69256652.11375783,18634990.544216048,9596524.116893973,-91183396.88127397,-72548406.33705792,787060.0,157412000.0,248845632.28650618,248845632.28650618,91433632.28650618,0.0,1.4901161193847656e-08,0.0,sourced_bands_with_explicit_assumptions,12682194370.685076
prefund_0pct_sell_first_hedge_5pct,short_up,Short-rate increase,A +250 bp origin shock decays exponentially with tenor.,234.85326570336895,0.25-year zero-node shift; see shape,0.0,24422485373.30656,439205629.860157,5116691337.15506,184088244.7155323,5247778059.380247,801997826.945555,4166000000.0,418237912.2344596,True,18694114533.21482,11686800940.0,3915000000.0,0.0,0.0,0.0,0.0,0.0,0.0,2361180000.0,19656200000.0,6.711483001708984e-05,0.06014721975037138,within_assumed_limits,7870600000.0,0.03702825969752484,250698848.06426108,122479858.86939695,8606863.355789836,139244739.79976717,261724598.66916412,787060.0,157412000.0,157412000.0,157412000.0,0.0,252144054.24291846,0.0,0.0,sourced_bands_with_explicit_assumptions,12682194370.685076
prefund_0pct_sell_first_hedge_5pct,short_down,Short-rate decrease,A -250 bp origin shock decays exponentially with tenor.,-234.85326570336895,0.25-year zero-node shift; see shape,0.0,23634343066.662132,-348936676.78427124,4726228771.095648,-206374321.3438797,4579552778.023147,-107306920.10235274,4166000000.0,408958626.27315295,True,18872998603.492275,11426551710.994959,3915000000.0,0.0,0.0,0.0,0.0,0.0,0.0,2361180000.0,19656200000.0,3.0517578125e-05,0.10622805745623301,within_assumed_limits,7870600000.0,0.03702825969752484,-260249229.00504136,-152078843.1280428,5402850.055541836,-111114011.85234684,-263192854.98038962,787060.0,157412000.0,417795127.5650779,417795127.5650779,260383127.5650779,0.0,2.9802322387695312e-08,0.0,sourced_bands_with_explicit_assumptions,12682194370.685076
prefund_0pct_sell_first_hedge_5pct,combined_run,Rates up + deposit runoff,"Parallel +200 bp and 45% requested deposit runoff, with 45% of that runoff requested in month one.",200.0,parallel shift,45.0,18328749568.33237,-5654530175.114033,4071988745.1384797,-860614347.3010478,4210351916.069593,-935342299.9825542,4166000000.0,417717292.42388695,True,2361180000.0,2361180000.0,13201761408.74711,12577086727.729708,11437795382.646887,-1139291345.0828214,0.0,0.0,0.0,2361180000.0,19656200000.0,4.57763671875e-05,0.06275452723790029,breach,7870600000.0,0.03702825969752484,672737835.0061053,129672578.04952154,8690592.881591681,578101481.4545611,707774059.5040827,787060.0,157412000.0,157412000.0,157412000.0,0.0,676126887.985293,0.0,0.0,sourced_bands_with_explicit_assumptions,12682194370.685076
prefund_0pct_sell_first_hedge_10pct,baseline,Unshocked baseline,"Static opening portfolio with loan runoff, retained modeled earnings and no requested deposit withdrawals.",0.0,parallel shift,0,23982492683.446407,3.814697265625e-06,4929065221.622835,0.0,4910306445.204059,358628833.6642952,4166000000.0,414260624.9521942,True,18721567785.23005,11528601880.0,3915000000.0,0.0,0.0,0.0,0.0,0.0,0.0,2361180000.0,19656200000.0,6.22142106294632e-05,0.08,within_assumed_limits,15741200000.0,0.03702825969752484,4.8933434300124645e-06,-29819765.93116644,11060989.512390232,30157133.412430685,337367.48126424477,1574120.0,314824000.0,314824000.0,314824000.0,0.0,25825329.963488173,0.0,0.0,sourced_bands_with_explicit_assumptions,12682194370.685076
prefund_0pct_sell_first_hedge_10pct,parallel_up,Parallel +200 bp,Immediate persistent parallel increase; no extra deposit withdrawals.,200.0,parallel shift,0.0,21618516775.141457,-2363975908.304947,5087090538.297981,158025316.6751461,5363816880.160208,1934728430.6454432,4166000000.0,417717292.42388695,True,18560097168.567234,11528601880.0,3915000000.0,0.0,0.0,0.0,0.0,0.0,0.0,2361180000.0,19656200000.0,3.3855438232421875e-05,0.06275452723790029,within_assumed_limits,15741200000.0,0.03702825969752484,1345475670.0122106,259345156.09904307,17381185.763183363,1156202962.9091222,1415548119.0081654,1574120.0,314824000.0,314824000.0,314824000.0,0.0,1352253775.970586,0.0,0.0,sourced_bands_with_explicit_assumptions,12682194370.685076
prefund_0pct_sell_first_hedge_10pct,parallel_down,Parallel -200 bp,Immediate persistent parallel decrease with deposit-rate floor and prepayment response.,-200.0,parallel shift,0.0,25983026263.250553,2000533579.8041496,4745505462.892549,-183559758.7302866,4452438695.786702,-1312306027.0400858,4166000000.0,409845213.498459,True,17446231679.142826,10043458396.952206,3915000000.0,0.0,0.0,0.0,0.0,0.0,0.0,2361180000.0,19656200000.0,6.103515625e-05,0.1018612504004024,within_assumed_limits,15741200000.0,0.03702825969752484,-1485143483.0477946,-318503581.19382244,25436814.08797621,-1187325389.3283288,-1505828970.5221512,1574120.0,314824000.0,1801807814.431127,1801807814.431127,1486983814.431127,0.0,0.0,0.0,sourced_bands_with_explicit_assumptions,12682194370.685076
prefund_0pct_sell_first_hedge_10pct,steepener,Curve steepener,Short zero rates decrease while long zero rates increase under an exponential research shape.,-55.609024736088756,0.25-year zero-node shift; see shape,0.0,22669917004.480053,-1312575678.9663506,4883183978.168901,-45881243.453933716,4823251378.182473,639561378.7624524,4166000000.0,413139498.63957095,True,18774601233.46753,11528601880.0,3915000000.0,0.0,0.0,0.0,0.0,0.0,0.0,2361180000.0,19656200000.0,5.328655242919922e-05,0.08556868931761473,within_assumed_limits,15741200000.0,0.03702825969752484,315649968.7002036,-70023940.15114361,10091340.164715651,397023619.2195498,326999679.06840616,1574120.0,314824000.0,314824000.0,314824000.0,0.0,391274842.4219854,0.0,0.0,sourced_bands_with_explicit_assumptions,12682194370.685076
prefund_0pct_sell_first_hedge_10pct,flattener,Curve flattener,Short zero rates increase while long zero rates decrease under an exponential research shape.,71.51782879388661,0.25-year zero-node shift; see shape,0.0,25080852028.871178,1098359345.4247742,4982228988.832119,53163767.20928383,5038692018.154339,273156341.8583843,4166000000.0,415594762.53340703,True,18520326041.135185,11390088575.772484,3915000000.0,0.0,0.0,0.0,0.0,0.0,0.0,2361180000.0,19656200000.0,6.103515625e-05,0.07335750788505004,within_assumed_limits,15741200000.0,0.03702825969752484,-138513304.22751567,37269981.088432096,19193048.233787946,-182366793.76254794,-145096812.67411584,1574120.0,314824000.0,497691264.57301235,497691264.57301235,182867264.57301235,0.0,2.9802322387695312e-08,0.0,sourced_bands_with_explicit_assumptions,12682194370.685076
prefund_0pct_sell_first_hedge_10pct,short_up,Short-rate increase,A +250 bp origin shock decays exponentially with tenor.,234.85326570336895,0.25-year zero-node shift; see shape,0.0,24672397161.37082,689904477.9244156,5113013184.964407,183947963.3415718,5375186629.414781,1067864076.779855,4166000000.0,418237912.2344596,True,18536109421.12515,11528601880.0,3915000000.0,0.0,0.0,0.0,0.0,0.0,0.0,2361180000.0,19656200000.0,5.125999450683594e-05,0.06014721975037138,within_assumed_limits,15741200000.0,0.03702825969752484,501397696.12852216,244959717.7387939,17213726.711579673,278489479.59953433,523449197.33832824,1574120.0,314824000.0,314824000.0,314824000.0,0.0,504288108.4858369,0.0,0.0,sourced_bands_with_explicit_assumptions,12682194370.685076
prefund_0pct_sell_first_hedge_10pct,short_down,Short-rate decrease,A -250 bp origin shock decays exponentially with tenor.,-234.85326570336895,0.25-year zero-node shift; see shape,0.0,23373306777.657093,-609185905.7893105,4723442945.186089,-205622276.4367466,4430090959.041087,-368669810.9367596,4166000000.0,408958626.27315295,True,18454482691.746265,11008103421.989918,3915000000.0,0.0,0.0,0.0,0.0,0.0,0.0,2361180000.0,19656200000.0,3.0517578125e-05,0.10622805745623301,within_assumed_limits,15741200000.0,0.03702825969752484,-520498458.0100827,-304157686.2560856,10805700.111083671,-222228023.70469368,-526385709.96077925,1574120.0,314824000.0,835590255.1301558,835590255.1301558,520766255.1301558,0.0,5.960464477539063e-08,0.0,sourced_bands_with_explicit_assumptions,12682194370.685076
prefund_0pct_sell_first_hedge_10pct,combined_run,Rates up + deposit runoff,"Parallel +200 bp and 45% requested deposit runoff, with 45% of that runoff requested in month one.",200.0,parallel shift,45.0,19000700343.338478,-4981792340.107925,4064177294.8611913,-864887926.7616439,4340903636.723418,-227699723.23541707,4166000000.0,417717292.42388695,True,2361180000.0,2361180000.0,13323574972.663021,12579547371.85688,11440032461.41281,-1139514910.4440703,0.0,0.0,0.0,2361180000.0,19656200000.0,3.9577484130859375e-05,0.06275452723790029,breach,15741200000.0,0.03702825969752484,1345475670.0122106,259345156.09904307,17381185.763183363,1156202962.9091222,1415548119.0081654,1574120.0,314824000.0,314824000.0,314824000.0,0.0,1352253775.970586,0.0,0.0,sourced_bands_with_explicit_assumptions,12682194370.685076
prefund_0pct_sell_first_hedge_15pct,baseline,Unshocked baseline,"Static opening portfolio with loan runoff, retained modeled earnings and no requested deposit withdrawals.",0.0,parallel shift,0,23981705623.44641,7.62939453125e-06,4925527350.806143,0.0,4897389186.1779785,360003081.3444309,4166000000.0,414260624.9521942,True,18563435340.67766,11370402820.0,3915000000.0,0.0,0.0,0.0,0.0,0.0,0.0,2361180000.0,19656200000.0,6.603449583053589e-05,0.08,within_assumed_limits,23611800000.0,0.03702825969752484,8.17951513454318e-06,-44729648.896749474,16591484.268585347,45235700.11864672,506051.22189724445,2361180.0,472236000.0,472236000.0,472236000.0,0.0,38737994.945232965,0.0,0.0,sourced_bands_with_explicit_assumptions,12682194370.685076
prefund_0pct_sell_first_hedge_15pct,parallel_up,Parallel +200 bp,Immediate persistent parallel increase; no extra deposit withdrawals.,200.0,parallel shift,0.0,22290467550.147564,-1691238073.2988396,5083563557.620851,158036206.81470776,5498653070.41419,2646879042.353987,4166000000.0,417717292.42388695,True,18402061871.434887,11370402820.0,3915000000.0,0.0,0.0,0.0,0.0,0.0,0.0,2361180000.0,19656200000.0,3.600120544433594e-05,0.06275452723790029,within_assumed_limits,23611800000.0,0.03702825969752484,2018213505.0183167,389017734.1485648,26071778.644775044,1734304444.3636842,2123322178.512249,2361180.0,472236000.0,472236000.0,472236000.0,0.0,2028380663.95588,0.0,0.0,sourced_bands_with_explicit_assumptions,12682194370.685076
prefund_0pct_sell_first_hedge_15pct,parallel_down,Parallel -200 bp,Immediate persistent parallel decrease with deposit-rate floor and prepayment response.,-200.0,parallel shift,0.0,25239667461.726658,1257961838.2802544,4737465819.495503,-188061531.31063938,4297865668.836735,-2061328808.6542163,4166000000.0,409845213.498459,True,16545017092.881649,9142687595.428308,3915000000.0,0.0,0.0,0.0,0.0,0.0,0.0,2361180000.0,19656200000.0,6.103515625e-05,0.1018612504004024,within_assumed_limits,23611800000.0,0.03702825969752484,-2227715224.571691,-477755371.7907335,38155221.131964296,-1780988083.9924922,-2258743455.7832255,2361180.0,472236000.0,2702711721.64669,2702711721.64669,2230475721.64669,0.0,2.384185791015625e-07,0.0,sourced_bands_with_explicit_assumptions,12682194370.685076
prefund_0pct_sell_first_hedge_15pct,steepener,Curve steepener,Short zero rates decrease while long zero rates increase under an exponential research shape.,-55.609024736088756,0.25-year zero-node shift; see shape,0.0,22826954928.830154,-1154750694.616249,4880019038.837651,-45508311.968491554,4790120138.858009,804154889.0477641,4166000000.0,413139498.63957095,True,18616433483.54157,11370402820.0,3915000000.0,0.0,0.0,0.0,0.0,0.0,0.0,2361180000.0,19656200000.0,3.260374069213867e-05,0.08556868931761473,within_assumed_limits,23611800000.0,0.03702825969752484,473474953.05030614,-105035910.22671527,15137010.247073479,595535428.8293257,490499518.6026104,2361180.0,472236000.0,472236000.0,472236000.0,0.0,586912263.6329792,0.0,0.0,sourced_bands_with_explicit_assumptions,12682194370.685076
prefund_0pct_sell_first_hedge_15pct,flattener,Curve flattener,Short zero rates increase while long zero rates decrease under an exponential research shape.,71.51782879388661,0.25-year zero-node shift; see shape,0.0,25010808316.75742,1029102693.3110161,4976214864.139661,50687513.33351803,5060909408.122992,203403274.94576377,4166000000.0,415594762.53340703,True,18292964295.386047,11162632863.658728,3915000000.0,0.0,0.0,0.0,0.0,0.0,0.0,2361180000.0,19656200000.0,3.0517578125e-05,0.07335750788505004,within_assumed_limits,23611800000.0,0.03702825969752484,-207769956.34127262,55904971.63264833,28789572.35068189,-273550190.6438212,-217645219.01117286,2361180.0,472236000.0,746536896.8595178,746536896.8595178,274300896.85951775,0.0,5.960464477539063e-08,0.0,sourced_bands_with_explicit_assumptions,12682194370.685076
prefund_0pct_sell_first_hedge_15pct,short_up,Short-rate increase,A +250 bp origin shock decays exponentially with tenor.,234.85326570336895,0.25-year zero-node shift; see shape,0.0,24922308949.43508,940603325.988678,5109335032.773755,183807681.96761227,5502595199.449316,1333730326.6141589,4166000000.0,418237912.2344596,True,18378104309.035477,11370402820.0,3915000000.0,0.0,0.0,0.0,0.0,0.0,0.0,2361180000.0,19656200000.0,3.0517578125e-05,0.06014721975037138,within_assumed_limits,23611800000.0,0.03702825969752484,752096544.1927841,367439576.6081911,25820590.06736951,417734219.39930207,785173796.0074931,2361180.0,472236000.0,472236000.0,472236000.0,0.0,756432162.7287562,0.0,0.0,sourced_bands_with_explicit_assumptions,12682194370.685076
prefund_0pct_sell_first_hedge_15pct,short_down,Short-rate decrease,A -250 bp origin shock decays exponentially with tenor.,-234.85326570336895,0.25-year zero-node shift; see shape,0.0,23112270488.652054,-869435134.7943497,4720657119.27653,-204870231.52961254,4280629140.0590277,-630032701.771165,4166000000.0,408958626.27315295,True,18035966780.000248,10589655132.984877,3915000000.0,0.0,0.0,0.0,0.0,0.0,0.0,2361180000.0,19656200000.0,3.0517578125e-05,0.10622805745623301,within_assumed_limits,23611800000.0,0.03702825969752484,-780747687.0151231,-456236529.3841282,16208550.166625496,-333342035.5570398,-789578564.9411681,2361180.0,472236000.0,1253385382.6952329,1253385382.6952329,781149382.6952329,0.0,1.1920928955078125e-07,0.0,sourced_bands_with_explicit_assumptions,12682194370.685076
prefund_0pct_sell_first_hedge_15pct,combined_run,Rates up + deposit runoff,"Parallel +200 bp and 45% requested deposit runoff, with 45% of that runoff requested in month one.",200.0,parallel shift,45.0,19672651118.344585,-4309054505.101818,4056365844.5839033,-869161506.2222395,4471455357.377243,479942853.51172096,4166000000.0,417717292.42388695,True,2361180000.0,2361180000.0,13445388536.57893,12582008015.984053,11442269540.178732,-1139738475.8053193,0.0,0.0,0.0,2361180000.0,19656200000.0,2.4080276489257812e-05,0.06275452723790029,within_assumed_limits,23611800000.0,0.03702825969752484,2018213505.0183167,389017734.1485648,26071778.644775044,1734304444.3636842,2123322178.512249,2361180.0,472236000.0,472236000.0,472236000.0,0.0,2028380663.95588,0.0,0.0,sourced_bands_with_explicit_assumptions,12682194370.685076
prefund_0pct_sell_first_hedge_20pct,baseline,Unshocked baseline,"Static opening portfolio with loan runoff, retained modeled earnings and no requested deposit withdrawals.",0.0,parallel shift,0,23980918563.446415,1.1444091796875e-05,4921989479.989451,0.0,4884471927.151898,361377329.0245657,4166000000.0,414260624.9521942,True,18405302896.125275,11212203760.0,3915000000.0,0.0,0.0,0.0,0.0,0.0,0.0,2361180000.0,19656200000.0,3.8139522075653076e-05,0.08,within_assumed_limits,31482400000.0,0.03702825969752484,9.786686860024929e-06,-59639531.86233288,22121979.024780463,60314266.82486137,674734.9625284895,3148240.0,629648000.0,629648000.0,629648000.0,0.0,51650659.926976345,0.0,0.0,sourced_bands_with_explicit_assumptions,12682194370.685076
prefund_0pct_sell_first_hedge_20pct,parallel_up,Parallel +200 bp,Immediate persistent parallel increase; no extra deposit withdrawals.,200.0,parallel shift,0.0,22962418325.153667,-1018500238.292736,5080036576.943721,158047096.9542694,5633489260.668174,3359029654.062531,4166000000.0,417717292.42388695,True,18244026574.30254,11212203760.0,3915000000.0,0.0,0.0,0.0,0.0,0.0,0.0,2361180000.0,19656200000.0,3.1948089599609375e-05,0.06275452723790029,within_assumed_limits,31482400000.0,0.03702825969752484,2690951340.024421,518690312.19808614,34762371.526366726,2312405925.8182445,2831096238.0163307,3148240.0,629648000.0,629648000.0,629648000.0,0.0,2704507551.941172,0.0,0.0,sourced_bands_with_explicit_assumptions,12682194370.685076
prefund_0pct_sell_first_hedge_20pct,parallel_down,Parallel -200 bp,Immediate persistent parallel decrease with deposit-rate floor and prepayment response.,-200.0,parallel shift,0.0,24496308660.20276,515390096.7563553,4729426176.098459,-192563303.89099216,4143292641.886767,-2810351590.2683496,4166000000.0,409845213.498459,True,15643802506.620472,8241916793.904411,3915000000.0,0.0,0.0,0.0,0.0,0.0,0.0,2361180000.0,19656200000.0,3.0517578125e-05,0.1018612504004024,within_assumed_limits,31482400000.0,0.03702825969752484,-2970286966.095589,-637007162.3876449,50873628.17595242,-2374650778.6566577,-3011657941.0443025,3148240.0,629648000.0,3603615628.862254,3603615628.862254,2973967628.862254,0.0,0.0,0.0,sourced_bands_with_explicit_assumptions,12682194370.685076
prefund_0pct_sell_first_hedge_20pct,steepener,Curve steepener,Short zero rates decrease while long zero rates increase under an exponential research shape.,-55.609024736088756,0.25-year zero-node shift; see shape,0.0,22983992853.180256,-996925710.2661476,4876854099.5064,-45135380.4830513,4756988899.533545,968748399.3330729,4166000000.0,413139498.63957095,True,18458265733.61562,11212203760.0,3915000000.0,0.0,0.0,0.0,0.0,0.0,0.0,2361180000.0,19656200000.0,3.337860107421875e-05,0.08556868931761473,within_assumed_limits,31482400000.0,0.03702825969752484,631299937.4004072,-140047880.30228722,20182680.329431303,794047238.4390996,653999358.1368123,3148240.0,629648000.0,629648000.0,629648000.0,0.0,782549684.8439708,0.0,0.0,sourced_bands_with_explicit_assumptions,12682194370.685076
prefund_0pct_sell_first_hedge_20pct,flattener,Curve flattener,Short zero rates increase while long zero rates decrease under an exponential research shape.,71.51782879388661,0.25-year zero-node shift; see shape,0.0,24940764604.64366,959846041.197258,4970200739.447202,48211259.45775032,5083126798.091642,133650208.03313941,4166000000.0,415594762.53340703,True,18065602549.6369,10935177151.54497,3915000000.0,0.0,0.0,0.0,0.0,0.0,0.0,2361180000.0,19656200000.0,3.0517578125e-05,0.07335750788505004,within_assumed_limits,31482400000.0,0.03702825969752484,-277026608.45503134,74539962.17686419,38386096.46757589,-364733587.5250959,-290193625.3482317,3148240.0,629648000.0,995382529.1460247,995382529.1460247,365734529.1460247,0.0,5.960464477539063e-08,0.0,sourced_bands_with_explicit_assumptions,12682194370.685076
prefund_0pct_sell_first_hedge_20pct,short_up,Short-rate increase,A +250 bp origin shock decays exponentially with tenor.,234.85326570336895,0.25-year zero-node shift; see shape,0.0,25172220737.499344,1191302174.0529404,5105656880.583102,183667400.59365082,5630003769.48385,1599596576.448459,4166000000.0,418237912.2344596,True,18220099196.945805,11212203760.0,3915000000.0,0.0,0.0,0.0,0.0,0.0,0.0,2361180000.0,19656200000.0,5.2809715270996094e-05,0.06014721975037138,within_assumed_limits,31482400000.0,0.03702825969752484,1002795392.2570443,489919435.4775878,34427453.423159346,556978959.1990687,1046898394.6766565,3148240.0,629648000.0,629648000.0,629648000.0,0.0,1008576216.9716738,0.0,0.0,sourced_bands_with_explicit_assumptions,12682194370.685076
prefund_0pct_sell_first_hedge_20pct,short_down,Short-rate decrease,A -250 bp origin shock decays exponentially with tenor.,-234.85326570336895,0.25-year zero-node shift; see shape,0.0,22851234199.64701,-1129684363.7993927,4717871293.366972,-204118186.62247944,4131167321.076968,-891395592.6055723,4166000000.0,408958626.27315295,True,17617450868.25424,10171206843.979836,3915000000.0,0.0,0.0,0.0,0.0,0.0,0.0,2361180000.0,19656200000.0,3.0517578125e-05,0.10622805745623301,within_assumed_limits,31482400000.0,0.03702825969752484,-1040996916.0201654,-608315372.5121711,21611400.222167343,-444456047.40938735,-1052771419.9215585,3148240.0,629648000.0,1671180510.2603116,1671180510.2603116,1041532510.2603116,0.0,1.1920928955078125e-07,0.0,sourced_bands_with_explicit_assumptions,12682194370.685076
prefund_0pct_sell_first_hedge_20pct,combined_run,Rates up + deposit runoff,"Parallel +200 bp and 45% requested deposit runoff, with 45% of that runoff requested in month one.",200.0,parallel shift,45.0,20344601893.35069,-3636316670.0957146,4048554394.306615,-873435085.6828365,4602007078.031068,1187585430.258859,4166000000.0,417717292.42388695,True,2361179999.999999,2361179999.999999,13567202100.494843,12584468660.111225,11444506618.944658,-1139962041.1665664,0.0,0.0,9.5367431640625e-07,2361180000.0,19656200000.0,3.8623809814453125e-05,0.06275452723790029,within_assumed_limits,31482400000.0,0.03702825969752484,2690951340.024421,518690312.19808614,34762371.526366726,2312405925.8182445,2831096238.0163307,3148240.0,629648000.0,629648000.0,629648000.0,0.0,2704507551.941172,0.0,0.0,sourced_bands_with_explicit_assumptions,12682194370.685076
prefund_3pct_borrow_first_hedge_0pct,baseline,Unshocked baseline,"Static opening portfolio with loan runoff, retained modeled earnings and no requested deposit withdrawals.",0.0,parallel shift,0,23861726911.104275,0.0,4780349591.247454,0.0,4780349591.247454,200088966.29525948,4166000000.0,414260624.9521942,True,23747339439.533436,16567360000.0,8637360000.0,0.0,0.0,0.0,0.0,0.0,0.0,2361180000.0,19656200000.0,3.0517578125e-05,0.08,within_assumed_limits,0.0,0.03702825969752484,0.0,0.0,0.0,0.0,0.0,0.0,0.0,0.0,0.0,0.0,0.0,0.0,0.0,sourced_bands_with_explicit_assumptions,12682194370.685076
prefund_3pct_borrow_first_hedge_0pct,parallel_up,Parallel +200 bp,Immediate persistent parallel increase; no extra deposit withdrawals.,200.0,parallel shift,0.0,20413744513.781555,-3447982397.3227196,4999770608.322905,219421017.0754509,4999770608.322905,416053315.89901763,4166000000.0,417717292.42388695,True,23590788005.19646,16567360000.0,8637360000.0,0.0,0.0,0.0,0.0,0.0,0.0,2361180000.0,19656200000.0,3.0517578125e-05,0.06275452723790029,within_assumed_limits,0.0,0.03702825969752484,0.0,0.0,0.0,0.0,0.0,0.0,0.0,0.0,0.0,0.0,0.0,0.0,0.0,sourced_bands_with_explicit_assumptions,12682194370.685076
prefund_3pct_borrow_first_hedge_0pct,parallel_down,Parallel -200 bp,Immediate persistent parallel decrease with deposit-rate floor and prepayment response.,-200.0,parallel shift,0.0,27070212506.452187,3208485595.347912,4545409849.870302,-234939741.3771515,4545409849.870302,-30435363.62815678,4166000000.0,409845213.498459,True,23953079643.271652,16567360000.0,8637360000.0,0.0,0.0,0.0,0.0,0.0,0.0,2361180000.0,19656200000.0,3.0517578125e-05,0.1018612504004024,within_assumed_limits,0.0,0.03702825969752484,0.0,0.0,0.0,0.0,0.0,0.0,0.0,0.0,0.0,0.0,0.0,0.0,0.0,sourced_bands_with_explicit_assumptions,12682194370.685076
prefund_3pct_borrow_first_hedge_0pct,steepener,Curve steepener,Short zero rates decrease while long zero rates increase under an exponential research shape.,-55.609024736088756,0.25-year zero-node shift; see shape,0.0,22253613003.582417,-1608113907.5218582,4716830233.123387,-63519358.12406635,4716830233.123387,137690734.4838164,4166000000.0,413139498.63957095,True,23799026257.97879,16567360000.0,8637360000.0,0.0,0.0,0.0,0.0,0.0,0.0,2361180000.0,19656200000.0,3.0517578125e-05,0.08556868931761473,within_assumed_limits,0.0,0.03702825969752484,0.0,0.0,0.0,0.0,0.0,0.0,0.0,0.0,0.0,0.0,0.0,0.0,0.0,sourced_bands_with_explicit_assumptions,12682194370.685076
prefund_3pct_borrow_first_hedge_0pct,flattener,Curve flattener,Short zero rates increase while long zero rates decrease under an exponential research shape.,71.51782879388661,0.25-year zero-node shift; see shape,0.0,25109025886.714333,1247298975.6100578,4860308270.4086,79958679.16114616,4860308270.4086,278713507.8751928,4166000000.0,415594762.53340703,True,23686381885.79393,16567360000.0,8637360000.0,0.0,0.0,0.0,0.0,0.0,0.0,2361180000.0,19656200000.0,3.0517578125e-05,0.07335750788505004,within_assumed_limits,0.0,0.03702825969752484,0.0,0.0,0.0,0.0,0.0,0.0,0.0,0.0,0.0,0.0,0.0,0.0,0.0,sourced_bands_with_explicit_assumptions,12682194370.685076
prefund_3pct_borrow_first_hedge_0pct,short_up,Short-rate increase,A +250 bp origin shock decays exponentially with tenor.,234.85326570336895,0.25-year zero-node shift; see shape,0.0,24210291234.933277,348564323.8290024,5036805908.608503,256456317.36104965,5036805908.608503,452567996.37404376,4166000000.0,418237912.2344596,True,23567633613.49363,16567360000.0,8637360000.0,0.0,0.0,0.0,0.0,0.0,0.0,2361180000.0,19656200000.0,3.0517578125e-05,0.06014721975037138,within_assumed_limits,0.0,0.03702825969752484,0.0,0.0,0.0,0.0,0.0,0.0,0.0,0.0,0.0,0.0,0.0,0.0,0.0,sourced_bands_with_explicit_assumptions,12682194370.685076
prefund_3pct_borrow_first_hedge_0pct,short_down,Short-rate decrease,A -250 bp origin shock decays exponentially with tenor.,-234.85326570336895,0.25-year zero-node shift; see shape,0.0,23607345033.47964,-254381877.6246338,4502421172.360194,-277928418.8872595,4502421172.360194,-72537453.91295874,4166000000.0,408958626.27315295,True,23995049244.38798,16567360000.0,8637360000.0,0.0,0.0,0.0,0.0,0.0,0.0,2361180000.0,19656200000.0,6.103515625e-05,0.10622805745623301,within_assumed_limits,0.0,0.03702825969752484,0.0,0.0,0.0,0.0,0.0,0.0,0.0,0.0,0.0,0.0,0.0,0.0,0.0,sourced_bands_with_explicit_assumptions,12682194370.685076
prefund_3pct_borrow_first_hedge_0pct,combined_run,Rates up + deposit runoff,"Parallel +200 bp and 45% requested deposit runoff, with 45% of that runoff requested in month one.",200.0,parallel shift,45.0,17795928081.978577,-6065798829.125698,3909991745.1773343,-870357846.0701194,3909991745.1773343,-1129979750.5787675,4166000000.0,417717292.42388695,True,2361180000.0,2361180000.0,19656200000.0,5084326897.687174,4628072694.3549595,-456254203.3322146,0.0,0.0,0.0,2361180000.0,19656200000.0,3.0517578125e-05,0.06275452723790029,breach,0.0,0.03702825969752484,0.0,0.0,0.0,0.0,0.0,0.0,0.0,0.0,0.0,0.0,0.0,0.0,0.0,sourced_bands_with_explicit_assumptions,12682194370.685076
prefund_3pct_borrow_first_hedge_5pct,baseline,Unshocked baseline,"Static opening portfolio with loan runoff, retained modeled earnings and no requested deposit withdrawals.",0.0,parallel shift,0,23860939851.10428,3.814697265625e-06,4776811720.430761,0.0,4767432332.221374,201463213.97539425,4166000000.0,414260624.9521942,True,23589206994.981052,16409160940.0,8637360000.0,0.0,0.0,0.0,0.0,0.0,0.0,2361180000.0,19656200000.0,3.5762786865234375e-05,0.08,within_assumed_limits,7870600000.0,0.03702825969752484,2.4466717150062323e-06,-14909882.96558322,5530494.756195116,15078566.706215343,168683.74063212238,787060.0,157412000.0,157412000.0,157412000.0,0.0,12912664.981744086,0.0,0.0,sourced_bands_with_explicit_assumptions,12682194370.685076
prefund_3pct_borrow_first_hedge_5pct,parallel_up,Parallel +200 bp,Immediate persistent parallel increase; no extra deposit withdrawals.,200.0,parallel shift,0.0,21085695288.78766,-2775244562.316616,4996243627.645774,219431907.21501255,5134606798.576887,1128203927.6075613,4166000000.0,417717292.42388695,True,23432752708.064114,16409160940.0,8637360000.0,0.0,0.0,0.0,0.0,0.0,0.0,2361180000.0,19656200000.0,3.349781036376953e-05,0.06275452723790029,within_assumed_limits,7870600000.0,0.03702825969752484,672737835.0061053,129672578.04952154,8690592.881591681,578101481.4545611,707774059.5040827,787060.0,157412000.0,157412000.0,157412000.0,0.0,676126887.985293,0.0,0.0,sourced_bands_with_explicit_assumptions,12682194370.685076
prefund_3pct_borrow_first_hedge_5pct,parallel_down,Parallel -200 bp,Immediate persistent parallel decrease with deposit-rate floor and prepayment response.,-200.0,parallel shift,0.0,26326853704.928288,2465913853.8240128,4537370206.473258,-239441513.95750332,4390836822.920335,-779458145.2422887,4166000000.0,409845213.498459,True,23051865057.01048,15666589198.476103,8637360000.0,0.0,0.0,0.0,0.0,0.0,0.0,2361180000.0,19656200000.0,6.103515625e-05,0.1018612504004024,within_assumed_limits,7870600000.0,0.03702825969752484,-742571741.5238973,-159251790.59691122,12718407.043988105,-593662694.6641644,-752914485.2610756,787060.0,157412000.0,900903907.2155635,900903907.2155635,743491907.2155635,0.0,0.0,0.0,sourced_bands_with_explicit_assumptions,12682194370.685076
prefund_3pct_borrow_first_hedge_5pct,steepener,Curve steepener,Short zero rates decrease while long zero rates increase under an exponential research shape.,-55.609024736088756,0.25-year zero-node shift; see shape,0.0,22410650927.932518,-1450288923.1717567,4713665293.792136,-63146426.638625145,4683698993.798922,302284244.7691252,4166000000.0,413139498.63957095,True,23640858508.05283,16409160940.0,8637360000.0,0.0,0.0,0.0,0.0,0.0,0.0,2361180000.0,19656200000.0,4.4912099838256836e-05,0.08556868931761473,within_assumed_limits,7870600000.0,0.03702825969752484,157824984.3501018,-35011970.075571805,5045670.082357826,198511809.6097749,163499839.53420308,787060.0,157412000.0,157412000.0,157412000.0,0.0,195637421.2109927,0.0,0.0,sourced_bands_with_explicit_assumptions,12682194370.685076
prefund_3pct_borrow_first_hedge_5pct,flattener,Curve flattener,Short zero rates increase while long zero rates decrease under an exponential research shape.,71.51782879388661,0.25-year zero-node shift; see shape,0.0,25038982174.600574,1178042323.4962997,4854294145.716142,77482425.28538036,4882525660.377252,208960440.96257037,4166000000.0,415594762.53340703,True,23459020140.044792,16339904287.886242,8637360000.0,0.0,0.0,0.0,0.0,0.0,0.0,2361180000.0,19656200000.0,6.103515625e-05,0.07335750788505004,within_assumed_limits,7870600000.0,0.03702825969752484,-69256652.11375783,18634990.544216048,9596524.116893973,-91183396.88127397,-72548406.33705792,787060.0,157412000.0,248845632.28650618,248845632.28650618,91433632.28650618,0.0,1.4901161193847656e-08,0.0,sourced_bands_with_explicit_assumptions,12682194370.685076
prefund_3pct_borrow_first_hedge_5pct,short_up,Short-rate increase,A +250 bp origin shock decays exponentially with tenor.,234.85326570336895,0.25-year zero-node shift; see shape,0.0,24460203022.99754,599263171.8932648,5033127756.417851,256316035.9870901,5164214478.643039,718434246.2083466,4166000000.0,418237912.2344596,True,23409628501.40396,16409160940.0,8637360000.0,0.0,0.0,0.0,0.0,0.0,0.0,2361180000.0,19656200000.0,3.802776336669922e-05,0.06014721975037138,within_assumed_limits,7870600000.0,0.03702825969752484,250698848.06426108,122479858.86939695,8606863.355789836,139244739.79976717,261724598.66916412,787060.0,157412000.0,157412000.0,157412000.0,0.0,252144054.24291846,0.0,0.0,sourced_bands_with_explicit_assumptions,12682194370.685076
prefund_3pct_borrow_first_hedge_5pct,short_down,Short-rate decrease,A -250 bp origin shock decays exponentially with tenor.,-234.85326570336895,0.25-year zero-node shift; see shape,0.0,23346308744.474598,-514631106.6296768,4499635346.450636,-277176373.9801254,4352959353.378135,-333900344.7473651,4166000000.0,408958626.27315295,True,23576533332.641968,16148911710.994959,8637360000.0,0.0,0.0,0.0,0.0,0.0,0.0,2361180000.0,19656200000.0,3.0517578125e-05,0.10622805745623301,within_assumed_limits,7870600000.0,0.03702825969752484,-260249229.00504136,-152078843.1280428,5402850.055541836,-111114011.85234684,-263192854.98038962,787060.0,157412000.0,417795127.5650779,417795127.5650779,260383127.5650779,0.0,2.9802322387695312e-08,0.0,sourced_bands_with_explicit_assumptions,12682194370.685076
prefund_3pct_borrow_first_hedge_5pct,combined_run,Rates up + deposit runoff,"Parallel +200 bp and 45% requested deposit runoff, with 45% of that runoff requested in month one.",200.0,parallel shift,45.0,18467878856.98468,-5393060994.119595,3905079200.79832,-871732519.6324415,4043442371.729433,-431344904.7398626,4166000000.0,417717292.42388695,True,2361180000.0,2361180000.0,19656200000.0,5219139597.504147,4750755192.004177,-468384405.49996996,0.0,0.0,0.0,2361180000.0,19656200000.0,3.0517578125e-05,0.06275452723790029,breach,7870600000.0,0.03702825969752484,672737835.0061053,129672578.04952154,8690592.881591681,578101481.4545611,707774059.5040827,787060.0,157412000.0,157412000.0,157412000.0,0.0,676126887.985293,0.0,0.0,sourced_bands_with_explicit_assumptions,12682194370.685076
prefund_3pct_borrow_first_hedge_10pct,baseline,Unshocked baseline,"Static opening portfolio with loan runoff, retained modeled earnings and no requested deposit withdrawals.",0.0,parallel shift,0,23860152791.10428,3.814697265625e-06,4773273849.61407,0.0,4754515073.195293,202837461.65552998,4166000000.0,414260624.9521942,True,23431074550.42867,16250961880.0,8637360000.0,0.0,0.0,0.0,0.0,0.0,0.0,2361180000.0,19656200000.0,6.484612822532654e-05,0.08,within_assumed_limits,15741200000.0,0.03702825969752484,4.8933434300124645e-06,-29819765.93116644,11060989.512390232,30157133.412430685,337367.48126424477,1574120.0,314824000.0,314824000.0,314824000.0,0.0,25825329.963488173,0.0,0.0,sourced_bands_with_explicit_assumptions,12682194370.685076
prefund_3pct_borrow_first_hedge_10pct,parallel_up,Parallel +200 bp,Immediate persistent parallel increase; no extra deposit withdrawals.,200.0,parallel shift,0.0,21757646063.793766,-2102506727.3105087,4992716646.968643,219442797.35457325,5269442988.83087,1840354539.3161051,4166000000.0,417717292.42388695,True,23274717410.931767,16250961880.0,8637360000.0,0.0,0.0,0.0,0.0,0.0,0.0,2361180000.0,19656200000.0,3.647804260253906e-05,0.06275452723790029,within_assumed_limits,15741200000.0,0.03702825969752484,1345475670.0122106,259345156.09904307,17381185.763183363,1156202962.9091222,1415548119.0081654,1574120.0,314824000.0,314824000.0,314824000.0,0.0,1352253775.970586,0.0,0.0,sourced_bands_with_explicit_assumptions,12682194370.685076
prefund_3pct_borrow_first_hedge_10pct,parallel_down,Parallel -200 bp,Immediate persistent parallel decrease with deposit-rate floor and prepayment response.,-200.0,parallel shift,0.0,25583494903.404392,1723342112.3001175,4529330563.076213,-243943286.53785706,4236263795.9703665,-1528480926.8564215,4166000000.0,409845213.498459,True,22150650470.749302,14765818396.952206,8637360000.0,0.0,0.0,0.0,0.0,0.0,0.0,2361180000.0,19656200000.0,6.103515625e-05,0.1018612504004024,within_assumed_limits,15741200000.0,0.03702825969752484,-1485143483.0477946,-318503581.19382244,25436814.08797621,-1187325389.3283288,-1505828970.5221512,1574120.0,314824000.0,1801807814.431127,1801807814.431127,1486983814.431127,0.0,0.0,0.0,sourced_bands_with_explicit_assumptions,12682194370.685076
prefund_3pct_borrow_first_hedge_10pct,steepener,Curve steepener,Short zero rates decrease while long zero rates increase under an exponential research shape.,-55.609024736088756,0.25-year zero-node shift; see shape,0.0,22567688852.28262,-1292463938.8216553,4710500354.460885,-62773495.15318489,4650567754.474457,466877755.05443597,4166000000.0,413139498.63957095,True,23482690758.126877,16250961880.0,8637360000.0,0.0,0.0,0.0,0.0,0.0,0.0,2361180000.0,19656200000.0,3.7610530853271484e-05,0.08556868931761473,within_assumed_limits,15741200000.0,0.03702825969752484,315649968.7002036,-70023940.15114361,10091340.164715651,397023619.2195498,326999679.06840616,1574120.0,314824000.0,314824000.0,314824000.0,0.0,391274842.4219854,0.0,0.0,sourced_bands_with_explicit_assumptions,12682194370.685076
prefund_3pct_borrow_first_hedge_10pct,flattener,Curve flattener,Short zero rates increase while long zero rates decrease under an exponential research shape.,71.51782879388661,0.25-year zero-node shift; see shape,0.0,24968938462.486816,1108785671.3825417,4848280021.023683,75006171.40961266,4904743050.345902,139207374.04994792,4166000000.0,415594762.53340703,True,23231658394.295647,16112448575.772484,8637360000.0,0.0,0.0,0.0,0.0,0.0,0.0,2361180000.0,19656200000.0,3.0517578125e-05,0.07335750788505004,within_assumed_limits,15741200000.0,0.03702825969752484,-138513304.22751567,37269981.088432096,19193048.233787946,-182366793.76254794,-145096812.67411584,1574120.0,314824000.0,497691264.57301235,497691264.57301235,182867264.57301235,0.0,2.9802322387695312e-08,0.0,sourced_bands_with_explicit_assumptions,12682194370.685076
prefund_3pct_borrow_first_hedge_10pct,short_up,Short-rate increase,A +250 bp origin shock decays exponentially with tenor.,234.85326570336895,0.25-year zero-node shift; see shape,0.0,24710114811.0618,849962019.9575233,5029449604.2272,256175754.61312962,5291623048.677573,984300496.0426476,4166000000.0,418237912.2344596,True,23251623389.314285,16250961880.0,8637360000.0,0.0,0.0,0.0,0.0,0.0,0.0,2361180000.0,19656200000.0,2.6404857635498047e-05,0.06014721975037138,within_assumed_limits,15741200000.0,0.03702825969752484,501397696.12852216,244959717.7387939,17213726.711579673,278489479.59953433,523449197.33832824,1574120.0,314824000.0,314824000.0,314824000.0,0.0,504288108.4858369,0.0,0.0,sourced_bands_with_explicit_assumptions,12682194370.685076
prefund_3pct_borrow_first_hedge_10pct,short_down,Short-rate decrease,A -250 bp origin shock decays exponentially with tenor.,-234.85326570336895,0.25-year zero-node shift; see shape,0.0,23085272455.46956,-774880335.634716,4496849520.541078,-276424329.0729923,4203497534.3960757,-595263235.581771,4166000000.0,408958626.27315295,True,23158017420.895958,15730463421.989918,8637360000.0,0.0,0.0,0.0,0.0,0.0,0.0,2361180000.0,19656200000.0,3.0517578125e-05,0.10622805745623301,within_assumed_limits,15741200000.0,0.03702825969752484,-520498458.0100827,-304157686.2560856,10805700.111083671,-222228023.70469368,-526385709.96077925,1574120.0,314824000.0,835590255.1301558,835590255.1301558,520766255.1301558,0.0,5.960464477539063e-08,0.0,sourced_bands_with_explicit_assumptions,12682194370.685076
prefund_3pct_borrow_first_hedge_10pct,combined_run,Rates up + deposit runoff,"Parallel +200 bp and 45% requested deposit runoff, with 45% of that runoff requested in month one.",200.0,parallel shift,45.0,19139829631.990788,-4720323159.113487,3900166656.4193053,-873107193.1947646,4176892998.281532,267289941.09904224,4166000000.0,417717292.42388695,True,2361180000.0,2361180000.0,19656200000.0,5353952297.321116,4873437689.653391,-480514607.6677251,0.0,0.0,0.0,2361180000.0,19656200000.0,2.4318695068359375e-05,0.06275452723790029,breach,15741200000.0,0.03702825969752484,1345475670.0122106,259345156.09904307,17381185.763183363,1156202962.9091222,1415548119.0081654,1574120.0,314824000.0,314824000.0,314824000.0,0.0,1352253775.970586,0.0,0.0,sourced_bands_with_explicit_assumptions,12682194370.685076
prefund_3pct_borrow_first_hedge_15pct,baseline,Unshocked baseline,"Static opening portfolio with loan runoff, retained modeled earnings and no requested deposit withdrawals.",0.0,parallel shift,0,23859365731.104282,7.62939453125e-06,4769735978.797378,0.0,4741597814.169213,204211709.3356657,4166000000.0,414260624.9521942,True,23272942105.876278,16092762820.0,8637360000.0,0.0,0.0,0.0,0.0,0.0,0.0,2361180000.0,19656200000.0,4.9017369747161865e-05,0.08,within_assumed_limits,23611800000.0,0.03702825969752484,8.17951513454318e-06,-44729648.896749474,16591484.268585347,45235700.11864672,506051.22189724445,2361180.0,472236000.0,472236000.0,472236000.0,0.0,38737994.945232965,0.0,0.0,sourced_bands_with_explicit_assumptions,12682194370.685076
prefund_3pct_borrow_first_hedge_15pct,parallel_up,Parallel +200 bp,Immediate persistent parallel increase; no extra deposit withdrawals.,200.0,parallel shift,0.0,22429596838.799873,-1429768892.3044014,4989189666.291512,219453687.49413395,5404279179.084852,2552505151.024649,4166000000.0,417717292.42388695,True,23116682113.79941,16092762820.0,8637360000.0,0.0,0.0,0.0,0.0,0.0,0.0,2361180000.0,19656200000.0,6.103515625e-05,0.06275452723790029,within_assumed_limits,23611800000.0,0.03702825969752484,2018213505.0183167,389017734.1485648,26071778.644775044,1734304444.3636842,2123322178.512249,2361180.0,472236000.0,472236000.0,472236000.0,0.0,2028380663.95588,0.0,0.0,sourced_bands_with_explicit_assumptions,12682194370.685076
prefund_3pct_borrow_first_hedge_15pct,parallel_down,Parallel -200 bp,Immediate persistent parallel decrease with deposit-rate floor and prepayment response.,-200.0,parallel shift,0.0,24840136101.880497,980770370.7762222,4521290919.679168,-248445059.11820984,4081690769.0203986,-2277503708.4705524,4166000000.0,409845213.498459,True,21249435884.48812,13865047595.428308,8637360000.0,0.0,0.0,0.0,0.0,0.0,0.0,2361180000.0,19656200000.0,6.103515625e-05,0.1018612504004024,within_assumed_limits,23611800000.0,0.03702825969752484,-2227715224.571691,-477755371.7907335,38155221.131964296,-1780988083.9924922,-2258743455.7832255,2361180.0,472236000.0,2702711721.64669,2702711721.64669,2230475721.64669,0.0,2.384185791015625e-07,0.0,sourced_bands_with_explicit_assumptions,12682194370.685076
prefund_3pct_borrow_first_hedge_15pct,steepener,Curve steepener,Short zero rates decrease while long zero rates increase under an exponential research shape.,-55.609024736088756,0.25-year zero-node shift; see shape,0.0,22724726776.63272,-1134638954.4715538,4707335415.129635,-62400563.66774273,4617436515.149993,631471265.3397477,4166000000.0,413139498.63957095,True,23324523008.200912,16092762820.0,8637360000.0,0.0,0.0,0.0,0.0,0.0,0.0,2361180000.0,19656200000.0,2.181529998779297e-05,0.08556868931761473,within_assumed_limits,23611800000.0,0.03702825969752484,473474953.05030614,-105035910.22671527,15137010.247073479,595535428.8293257,490499518.6026104,2361180.0,472236000.0,472236000.0,472236000.0,0.0,586912263.6329792,0.0,0.0,sourced_bands_with_explicit_assumptions,12682194370.685076
prefund_3pct_borrow_first_hedge_15pct,flattener,Curve flattener,Short zero rates increase while long zero rates decrease under an exponential research shape.,71.51782879388661,0.25-year zero-node shift; see shape,0.0,24898894750.37306,1039529019.2687836,4842265896.331224,72529917.53384686,4926960440.314555,69454307.13732737,4166000000.0,415594762.53340703,True,23004296648.546505,15884992863.658728,8637360000.0,0.0,0.0,0.0,0.0,0.0,0.0,2361180000.0,19656200000.0,3.0517578125e-05,0.07335750788505004,within_assumed_limits,23611800000.0,0.03702825969752484,-207769956.34127262,55904971.63264833,28789572.35068189,-273550190.6438212,-217645219.01117286,2361180.0,472236000.0,746536896.8595178,746536896.8595178,274300896.85951775,0.0,5.960464477539063e-08,0.0,sourced_bands_with_explicit_assumptions,12682194370.685076
prefund_3pct_borrow_first_hedge_15pct,short_up,Short-rate increase,A +250 bp origin shock decays exponentially with tenor.,234.85326570336895,0.25-year zero-node shift; see shape,0.0,24960026599.12606,1100660868.0217857,5025771452.036547,256035473.23916912,5419031618.712108,1250166745.8769505,4166000000.0,418237912.2344596,True,23093618277.224617,16092762820.0,8637360000.0,0.0,0.0,0.0,0.0,0.0,0.0,2361180000.0,19656200000.0,3.504753112792969e-05,0.06014721975037138,within_assumed_limits,23611800000.0,0.03702825969752484,752096544.1927841,367439576.6081911,25820590.06736951,417734219.39930207,785173796.0074931,2361180.0,472236000.0,472236000.0,472236000.0,0.0,756432162.7287562,0.0,0.0,sourced_bands_with_explicit_assumptions,12682194370.685076
prefund_3pct_borrow_first_hedge_15pct,short_down,Short-rate decrease,A -250 bp origin shock decays exponentially with tenor.,-234.85326570336895,0.25-year zero-node shift; see shape,0.0,22824236166.46452,-1035129564.6397552,4494063694.631519,-275672284.16585827,4054035715.4140167,-856626126.416176,4166000000.0,408958626.27315295,True,22739501509.149937,15312015132.984877,8637360000.0,0.0,0.0,0.0,0.0,0.0,0.0,2361180000.0,19656200000.0,3.0517578125e-05,0.10622805745623301,within_assumed_limits,23611800000.0,0.03702825969752484,-780747687.0151231,-456236529.3841282,16208550.166625496,-333342035.5570398,-789578564.9411681,2361180.0,472236000.0,1253385382.6952329,1253385382.6952329,781149382.6952329,0.0,1.1920928955078125e-07,0.0,sourced_bands_with_explicit_assumptions,12682194370.685076
prefund_3pct_borrow_first_hedge_15pct,combined_run,Rates up + deposit runoff,"Parallel +200 bp and 45% requested deposit runoff, with 45% of that runoff requested in month one.",200.0,parallel shift,45.0,19811780406.996895,-4047585324.10738,3895254112.0402904,-874481866.7570872,4310343624.833631,965924786.9379466,4166000000.0,417717292.42388695,True,2361179999.999999,2361179999.999999,19656200000.0,5488764997.138096,4996120187.302614,-492644809.83548117,0.0,0.0,9.5367431640625e-07,2361180000.0,19656200000.0,2.47955322265625e-05,0.06275452723790029,within_assumed_limits,23611800000.0,0.03702825969752484,2018213505.0183167,389017734.1485648,26071778.644775044,1734304444.3636842,2123322178.512249,2361180.0,472236000.0,472236000.0,472236000.0,0.0,2028380663.95588,0.0,0.0,sourced_bands_with_explicit_assumptions,12682194370.685076
prefund_3pct_borrow_first_hedge_20pct,baseline,Unshocked baseline,"Static opening portfolio with loan runoff, retained modeled earnings and no requested deposit withdrawals.",0.0,parallel shift,0,23858578671.104286,1.1444091796875e-05,4766198107.980685,0.0,4728680555.143132,205585957.01579952,4166000000.0,414260624.9521942,True,23114809661.323895,15934563760.0,8637360000.0,0.0,0.0,0.0,0.0,0.0,0.0,2361180000.0,19656200000.0,6.865710020065308e-05,0.08,within_assumed_limits,31482400000.0,0.03702825969752484,9.786686860024929e-06,-59639531.86233288,22121979.024780463,60314266.82486137,674734.9625284895,3148240.0,629648000.0,629648000.0,629648000.0,0.0,51650659.926976345,0.0,0.0,sourced_bands_with_explicit_assumptions,12682194370.685076
prefund_3pct_borrow_first_hedge_20pct,parallel_up,Parallel +200 bp,Immediate persistent parallel increase; no extra deposit withdrawals.,200.0,parallel shift,0.0,23101547613.805977,-757031057.2982979,4985662685.614382,219464577.63369656,5539115369.338835,3264655762.733193,4166000000.0,417717292.42388695,True,22958646816.66707,15934563760.0,8637360000.0,0.0,0.0,0.0,0.0,0.0,0.0,2361180000.0,19656200000.0,3.719329833984375e-05,0.06275452723790029,within_assumed_limits,31482400000.0,0.03702825969752484,2690951340.024421,518690312.19808614,34762371.526366726,2312405925.8182445,2831096238.0163307,3148240.0,629648000.0,629648000.0,629648000.0,0.0,2704507551.941172,0.0,0.0,sourced_bands_with_explicit_assumptions,12682194370.685076
prefund_3pct_borrow_first_hedge_20pct,parallel_down,Parallel -200 bp,Immediate persistent parallel decrease with deposit-rate floor and prepayment response.,-200.0,parallel shift,0.0,24096777300.356598,238198629.25232315,4513251276.282123,-252946831.69856262,3927117742.0704303,-3026526490.0846863,4166000000.0,409845213.498459,True,20348221298.22694,12964276793.904411,8637360000.0,0.0,0.0,0.0,0.0,0.0,0.0,2361180000.0,19656200000.0,3.0517578125e-05,0.1018612504004024,within_assumed_limits,31482400000.0,0.03702825969752484,-2970286966.095589,-637007162.3876449,50873628.17595242,-2374650778.6566577,-3011657941.0443025,3148240.0,629648000.0,3603615628.862254,3603615628.862254,2973967628.862254,0.0,0.0,0.0,sourced_bands_with_explicit_assumptions,12682194370.685076
prefund_3pct_borrow_first_hedge_20pct,steepener,Curve steepener,Short zero rates decrease while long zero rates increase under an exponential research shape.,-55.609024736088756,0.25-year zero-node shift; see shape,0.0,22881764700.982822,-976813970.1214523,4704170475.798384,-62027632.18230152,4584305275.825528,796064775.6250565,4166000000.0,413139498.63957095,True,23166355258.274963,15934563760.0,8637360000.0,0.0,0.0,0.0,0.0,0.0,0.0,2361180000.0,19656200000.0,2.3365020751953125e-05,0.08556868931761473,within_assumed_limits,31482400000.0,0.03702825969752484,631299937.4004072,-140047880.30228722,20182680.329431303,794047238.4390996,653999358.1368123,3148240.0,629648000.0,629648000.0,629648000.0,0.0,782549684.8439708,0.0,0.0,sourced_bands_with_explicit_assumptions,12682194370.685076
prefund_3pct_borrow_first_hedge_20pct,flattener,Curve flattener,Short zero rates increase while long zero rates decrease under an exponential research shape.,71.51782879388661,0.25-year zero-node shift; see shape,0.0,24828851038.2593,970272367.1550255,4836251771.638765,70053663.6580801,4949177830.283206,-298759.7752969861,4166000000.0,415594762.53340703,True,22776934902.797367,15657537151.54497,8637360000.0,0.0,0.0,0.0,0.0,0.0,0.0,2361180000.0,19656200000.0,3.0517578125e-05,0.07335750788505004,within_assumed_limits,31482400000.0,0.03702825969752484,-277026608.45503134,74539962.17686419,38386096.46757589,-364733587.5250959,-290193625.3482317,3148240.0,629648000.0,995382529.1460247,995382529.1460247,365734529.1460247,0.0,5.960464477539063e-08,0.0,sourced_bands_with_explicit_assumptions,12682194370.685076
prefund_3pct_borrow_first_hedge_20pct,short_up,Short-rate increase,A +250 bp origin shock decays exponentially with tenor.,234.85326570336895,0.25-year zero-node shift; see shape,0.0,25209938387.190323,1351359716.0860481,5022093299.845894,255895191.86520863,5546440188.746641,1516032995.7112505,4166000000.0,418237912.2344596,True,22935613165.134945,15934563760.0,8637360000.0,0.0,0.0,0.0,0.0,0.0,0.0,2361180000.0,19656200000.0,5.2809715270996094e-05,0.06014721975037138,within_assumed_limits,31482400000.0,0.03702825969752484,1002795392.2570443,489919435.4775878,34427453.423159346,556978959.1990687,1046898394.6766565,3148240.0,629648000.0,629648000.0,629648000.0,0.0,1008576216.9716738,0.0,0.0,sourced_bands_with_explicit_assumptions,12682194370.685076
prefund_3pct_borrow_first_hedge_20pct,short_down,Short-rate decrease,A -250 bp origin shock decays exponentially with tenor.,-234.85326570336895,0.25-year zero-node shift; see shape,0.0,22563199877.459476,-1295378793.6447983,4491277868.72196,-274920239.25872517,3904573896.4319563,-1117989017.2505841,4166000000.0,408958626.27315295,True,22320985597.403927,14893566843.979836,8637360000.0,0.0,0.0,0.0,0.0,0.0,0.0,2361180000.0,19656200000.0,3.0517578125e-05,0.10622805745623301,within_assumed_limits,31482400000.0,0.03702825969752484,-1040996916.0201654,-608315372.5121711,21611400.222167343,-444456047.40938735,-1052771419.9215585,3148240.0,629648000.0,1671180510.2603116,1671180510.2603116,1041532510.2603116,0.0,1.1920928955078125e-07,0.0,sourced_bands_with_explicit_assumptions,12682194370.685076
prefund_3pct_borrow_first_hedge_20pct,combined_run,Rates up + deposit runoff,"Parallel +200 bp and 45% requested deposit runoff, with 45% of that runoff requested in month one.",200.0,parallel shift,45.0,20483731182.003,-3374847489.1012764,3890341567.661276,-875856540.3194094,4443794251.385729,1664559632.77685,4166000000.0,417717292.42388695,True,2361180000.0,2361180000.0,19656200000.0,5623577696.955062,5118802684.951825,-504775012.0032363,0.0,0.0,0.0,2361180000.0,19656200000.0,2.384185791015625e-05,0.06275452723790029,within_assumed_limits,31482400000.0,0.03702825969752484,2690951340.024421,518690312.19808614,34762371.526366726,2312405925.8182445,2831096238.0163307,3148240.0,629648000.0,629648000.0,629648000.0,0.0,2704507551.941172,0.0,0.0,sourced_bands_with_explicit_assumptions,12682194370.685076
prefund_3pct_sell_first_hedge_0pct,baseline,Unshocked baseline,"Static opening portfolio with loan runoff, retained modeled earnings and no requested deposit withdrawals.",0.0,parallel shift,0,23861726911.104275,0.0,4780349591.247454,0.0,4780349591.247454,200088966.29525948,4166000000.0,414260624.9521942,True,23747339439.533436,16567360000.0,8637360000.0,0.0,0.0,0.0,0.0,0.0,0.0,2361180000.0,19656200000.0,3.0517578125e-05,0.08,within_assumed_limits,0.0,0.03702825969752484,0.0,0.0,0.0,0.0,0.0,0.0,0.0,0.0,0.0,0.0,0.0,0.0,0.0,sourced_bands_with_explicit_assumptions,12682194370.685076
prefund_3pct_sell_first_hedge_0pct,parallel_up,Parallel +200 bp,Immediate persistent parallel increase; no extra deposit withdrawals.,200.0,parallel shift,0.0,20413744513.781555,-3447982397.3227196,4999770608.322905,219421017.0754509,4999770608.322905,416053315.89901763,4166000000.0,417717292.42388695,True,23590788005.19646,16567360000.0,8637360000.0,0.0,0.0,0.0,0.0,0.0,0.0,2361180000.0,19656200000.0,3.0517578125e-05,0.06275452723790029,within_assumed_limits,0.0,0.03702825969752484,0.0,0.0,0.0,0.0,0.0,0.0,0.0,0.0,0.0,0.0,0.0,0.0,0.0,sourced_bands_with_explicit_assumptions,12682194370.685076
prefund_3pct_sell_first_hedge_0pct,parallel_down,Parallel -200 bp,Immediate persistent parallel decrease with deposit-rate floor and prepayment response.,-200.0,parallel shift,0.0,27070212506.452187,3208485595.347912,4545409849.870302,-234939741.3771515,4545409849.870302,-30435363.62815678,4166000000.0,409845213.498459,True,23953079643.271652,16567360000.0,8637360000.0,0.0,0.0,0.0,0.0,0.0,0.0,2361180000.0,19656200000.0,3.0517578125e-05,0.1018612504004024,within_assumed_limits,0.0,0.03702825969752484,0.0,0.0,0.0,0.0,0.0,0.0,0.0,0.0,0.0,0.0,0.0,0.0,0.0,sourced_bands_with_explicit_assumptions,12682194370.685076
prefund_3pct_sell_first_hedge_0pct,steepener,Curve steepener,Short zero rates decrease while long zero rates increase under an exponential research shape.,-55.609024736088756,0.25-year zero-node shift; see shape,0.0,22253613003.582417,-1608113907.5218582,4716830233.123387,-63519358.12406635,4716830233.123387,137690734.4838164,4166000000.0,413139498.63957095,True,23799026257.97879,16567360000.0,8637360000.0,0.0,0.0,0.0,0.0,0.0,0.0,2361180000.0,19656200000.0,3.0517578125e-05,0.08556868931761473,within_assumed_limits,0.0,0.03702825969752484,0.0,0.0,0.0,0.0,0.0,0.0,0.0,0.0,0.0,0.0,0.0,0.0,0.0,sourced_bands_with_explicit_assumptions,12682194370.685076
prefund_3pct_sell_first_hedge_0pct,flattener,Curve flattener,Short zero rates increase while long zero rates decrease under an exponential research shape.,71.51782879388661,0.25-year zero-node shift; see shape,0.0,25109025886.714333,1247298975.6100578,4860308270.4086,79958679.16114616,4860308270.4086,278713507.8751928,4166000000.0,415594762.53340703,True,23686381885.79393,16567360000.0,8637360000.0,0.0,0.0,0.0,0.0,0.0,0.0,2361180000.0,19656200000.0,3.0517578125e-05,0.07335750788505004,within_assumed_limits,0.0,0.03702825969752484,0.0,0.0,0.0,0.0,0.0,0.0,0.0,0.0,0.0,0.0,0.0,0.0,0.0,sourced_bands_with_explicit_assumptions,12682194370.685076
prefund_3pct_sell_first_hedge_0pct,short_up,Short-rate increase,A +250 bp origin shock decays exponentially with tenor.,234.85326570336895,0.25-year zero-node shift; see shape,0.0,24210291234.933277,348564323.8290024,5036805908.608503,256456317.36104965,5036805908.608503,452567996.37404376,4166000000.0,418237912.2344596,True,23567633613.49363,16567360000.0,8637360000.0,0.0,0.0,0.0,0.0,0.0,0.0,2361180000.0,19656200000.0,3.0517578125e-05,0.06014721975037138,within_assumed_limits,0.0,0.03702825969752484,0.0,0.0,0.0,0.0,0.0,0.0,0.0,0.0,0.0,0.0,0.0,0.0,0.0,sourced_bands_with_explicit_assumptions,12682194370.685076
prefund_3pct_sell_first_hedge_0pct,short_down,Short-rate decrease,A -250 bp origin shock decays exponentially with tenor.,-234.85326570336895,0.25-year zero-node shift; see shape,0.0,23607345033.47964,-254381877.6246338,4502421172.360194,-277928418.8872595,4502421172.360194,-72537453.91295874,4166000000.0,408958626.27315295,True,23995049244.38798,16567360000.0,8637360000.0,0.0,0.0,0.0,0.0,0.0,0.0,2361180000.0,19656200000.0,6.103515625e-05,0.10622805745623301,within_assumed_limits,0.0,0.03702825969752484,0.0,0.0,0.0,0.0,0.0,0.0,0.0,0.0,0.0,0.0,0.0,0.0,0.0,sourced_bands_with_explicit_assumptions,12682194370.685076
prefund_3pct_sell_first_hedge_0pct,combined_run,Rates up + deposit runoff,"Parallel +200 bp and 45% requested deposit runoff, with 45% of that runoff requested in month one.",200.0,parallel shift,45.0,17795928081.978577,-6065798829.125698,4143190367.346276,-637159223.9011779,4143190367.346276,-1571468576.8679693,4166000000.0,417717292.42388695,True,2361180000.0,2361180000.0,13073124001.513252,12493404914.993494,11362463263.203136,-1130941651.790358,0.0,0.0,0.0,2361180000.0,19656200000.0,1.52587890625e-05,0.06275452723790029,breach,0.0,0.03702825969752484,0.0,0.0,0.0,0.0,0.0,0.0,0.0,0.0,0.0,0.0,0.0,0.0,0.0,sourced_bands_with_explicit_assumptions,12682194370.685076
prefund_3pct_sell_first_hedge_5pct,baseline,Unshocked baseline,"Static opening portfolio with loan runoff, retained modeled earnings and no requested deposit withdrawals.",0.0,parallel shift,0,23860939851.10428,3.814697265625e-06,4776811720.430761,0.0,4767432332.221374,201463213.97539425,4166000000.0,414260624.9521942,True,23589206994.981052,16409160940.0,8637360000.0,0.0,0.0,0.0,0.0,0.0,0.0,2361180000.0,19656200000.0,3.5762786865234375e-05,0.08,within_assumed_limits,7870600000.0,0.03702825969752484,2.4466717150062323e-06,-14909882.96558322,5530494.756195116,15078566.706215343,168683.74063212238,787060.0,157412000.0,157412000.0,157412000.0,0.0,12912664.981744086,0.0,0.0,sourced_bands_with_explicit_assumptions,12682194370.685076
prefund_3pct_sell_first_hedge_5pct,parallel_up,Parallel +200 bp,Immediate persistent parallel increase; no extra deposit withdrawals.,200.0,parallel shift,0.0,21085695288.78766,-2775244562.316616,4996243627.645774,219431907.21501255,5134606798.576887,1128203927.6075613,4166000000.0,417717292.42388695,True,23432752708.064114,16409160940.0,8637360000.0,0.0,0.0,0.0,0.0,0.0,0.0,2361180000.0,19656200000.0,3.349781036376953e-05,0.06275452723790029,within_assumed_limits,7870600000.0,0.03702825969752484,672737835.0061053,129672578.04952154,8690592.881591681,578101481.4545611,707774059.5040827,787060.0,157412000.0,157412000.0,157412000.0,0.0,676126887.985293,0.0,0.0,sourced_bands_with_explicit_assumptions,12682194370.685076
prefund_3pct_sell_first_hedge_5pct,parallel_down,Parallel -200 bp,Immediate persistent parallel decrease with deposit-rate floor and prepayment response.,-200.0,parallel shift,0.0,26326853704.928288,2465913853.8240128,4537370206.473258,-239441513.95750332,4390836822.920335,-779458145.2422887,4166000000.0,409845213.498459,True,23051865057.01048,15666589198.476103,8637360000.0,0.0,0.0,0.0,0.0,0.0,0.0,2361180000.0,19656200000.0,6.103515625e-05,0.1018612504004024,within_assumed_limits,7870600000.0,0.03702825969752484,-742571741.5238973,-159251790.59691122,12718407.043988105,-593662694.6641644,-752914485.2610756,787060.0,157412000.0,900903907.2155635,900903907.2155635,743491907.2155635,0.0,0.0,0.0,sourced_bands_with_explicit_assumptions,12682194370.685076
prefund_3pct_sell_first_hedge_5pct,steepener,Curve steepener,Short zero rates decrease while long zero rates increase under an exponential research shape.,-55.609024736088756,0.25-year zero-node shift; see shape,0.0,22410650927.932518,-1450288923.1717567,4713665293.792136,-63146426.638625145,4683698993.798922,302284244.7691252,4166000000.0,413139498.63957095,True,23640858508.05283,16409160940.0,8637360000.0,0.0,0.0,0.0,0.0,0.0,0.0,2361180000.0,19656200000.0,4.4912099838256836e-05,0.08556868931761473,within_assumed_limits,7870600000.0,0.03702825969752484,157824984.3501018,-35011970.075571805,5045670.082357826,198511809.6097749,163499839.53420308,787060.0,157412000.0,157412000.0,157412000.0,0.0,195637421.2109927,0.0,0.0,sourced_bands_with_explicit_assumptions,12682194370.685076
prefund_3pct_sell_first_hedge_5pct,flattener,Curve flattener,Short zero rates increase while long zero rates decrease under an exponential research shape.,71.51782879388661,0.25-year zero-node shift; see shape,0.0,25038982174.600574,1178042323.4962997,4854294145.716142,77482425.28538036,4882525660.377252,208960440.96257037,4166000000.0,415594762.53340703,True,23459020140.044792,16339904287.886242,8637360000.0,0.0,0.0,0.0,0.0,0.0,0.0,2361180000.0,19656200000.0,6.103515625e-05,0.07335750788505004,within_assumed_limits,7870600000.0,0.03702825969752484,-69256652.11375783,18634990.544216048,9596524.116893973,-91183396.88127397,-72548406.33705792,787060.0,157412000.0,248845632.28650618,248845632.28650618,91433632.28650618,0.0,1.4901161193847656e-08,0.0,sourced_bands_with_explicit_assumptions,12682194370.685076
prefund_3pct_sell_first_hedge_5pct,short_up,Short-rate increase,A +250 bp origin shock decays exponentially with tenor.,234.85326570336895,0.25-year zero-node shift; see shape,0.0,24460203022.99754,599263171.8932648,5033127756.417851,256316035.9870901,5164214478.643039,718434246.2083466,4166000000.0,418237912.2344596,True,23409628501.40396,16409160940.0,8637360000.0,0.0,0.0,0.0,0.0,0.0,0.0,2361180000.0,19656200000.0,3.802776336669922e-05,0.06014721975037138,within_assumed_limits,7870600000.0,0.03702825969752484,250698848.06426108,122479858.86939695,8606863.355789836,139244739.79976717,261724598.66916412,787060.0,157412000.0,157412000.0,157412000.0,0.0,252144054.24291846,0.0,0.0,sourced_bands_with_explicit_assumptions,12682194370.685076
prefund_3pct_sell_first_hedge_5pct,short_down,Short-rate decrease,A -250 bp origin shock decays exponentially with tenor.,-234.85326570336895,0.25-year zero-node shift; see shape,0.0,23346308744.474598,-514631106.6296768,4499635346.450636,-277176373.9801254,4352959353.378135,-333900344.7473651,4166000000.0,408958626.27315295,True,23576533332.641968,16148911710.994959,8637360000.0,0.0,0.0,0.0,0.0,0.0,0.0,2361180000.0,19656200000.0,3.0517578125e-05,0.10622805745623301,within_assumed_limits,7870600000.0,0.03702825969752484,-260249229.00504136,-152078843.1280428,5402850.055541836,-111114011.85234684,-263192854.98038962,787060.0,157412000.0,417795127.5650779,417795127.5650779,260383127.5650779,0.0,2.9802322387695312e-08,0.0,sourced_bands_with_explicit_assumptions,12682194370.685076
prefund_3pct_sell_first_hedge_5pct,combined_run,Rates up + deposit runoff,"Parallel +200 bp and 45% requested deposit runoff, with 45% of that runoff requested in month one.",200.0,parallel shift,45.0,18467878856.98468,-5393060994.119595,4135834004.4220934,-640977716.008668,4274197175.3532066,-863577725.1031692,4166000000.0,417717292.42388695,True,2361180000.0,2361180000.0,13194701186.095118,12496974966.693037,11365602937.205986,-1131372029.4870498,0.0,0.0,0.0,2361180000.0,19656200000.0,4.57763671875e-05,0.06275452723790029,breach,7870600000.0,0.03702825969752484,672737835.0061053,129672578.04952154,8690592.881591681,578101481.4545611,707774059.5040827,787060.0,157412000.0,157412000.0,157412000.0,0.0,676126887.985293,0.0,0.0,sourced_bands_with_explicit_assumptions,12682194370.685076
prefund_3pct_sell_first_hedge_10pct,baseline,Unshocked baseline,"Static opening portfolio with loan runoff, retained modeled earnings and no requested deposit withdrawals.",0.0,parallel shift,0,23860152791.10428,3.814697265625e-06,4773273849.61407,0.0,4754515073.195293,202837461.65552998,4166000000.0,414260624.9521942,True,23431074550.42867,16250961880.0,8637360000.0,0.0,0.0,0.0,0.0,0.0,0.0,2361180000.0,19656200000.0,6.484612822532654e-05,0.08,within_assumed_limits,15741200000.0,0.03702825969752484,4.8933434300124645e-06,-29819765.93116644,11060989.512390232,30157133.412430685,337367.48126424477,1574120.0,314824000.0,314824000.0,314824000.0,0.0,25825329.963488173,0.0,0.0,sourced_bands_with_explicit_assumptions,12682194370.685076
prefund_3pct_sell_first_hedge_10pct,parallel_up,Parallel +200 bp,Immediate persistent parallel increase; no extra deposit withdrawals.,200.0,parallel shift,0.0,21757646063.793766,-2102506727.3105087,4992716646.968643,219442797.35457325,5269442988.83087,1840354539.3161051,4166000000.0,417717292.42388695,True,23274717410.931767,16250961880.0,8637360000.0,0.0,0.0,0.0,0.0,0.0,0.0,2361180000.0,19656200000.0,3.647804260253906e-05,0.06275452723790029,within_assumed_limits,15741200000.0,0.03702825969752484,1345475670.0122106,259345156.09904307,17381185.763183363,1156202962.9091222,1415548119.0081654,1574120.0,314824000.0,314824000.0,314824000.0,0.0,1352253775.970586,0.0,0.0,sourced_bands_with_explicit_assumptions,12682194370.685076
prefund_3pct_sell_first_hedge_10pct,parallel_down,Parallel -200 bp,Immediate persistent parallel decrease with deposit-rate floor and prepayment response.,-200.0,parallel shift,0.0,25583494903.404392,1723342112.3001175,4529330563.076213,-243943286.53785706,4236263795.9703665,-1528480926.8564215,4166000000.0,409845213.498459,True,22150650470.749302,14765818396.952206,8637360000.0,0.0,0.0,0.0,0.0,0.0,0.0,2361180000.0,19656200000.0,6.103515625e-05,0.1018612504004024,within_assumed_limits,15741200000.0,0.03702825969752484,-1485143483.0477946,-318503581.19382244,25436814.08797621,-1187325389.3283288,-1505828970.5221512,1574120.0,314824000.0,1801807814.431127,1801807814.431127,1486983814.431127,0.0,0.0,0.0,sourced_bands_with_explicit_assumptions,12682194370.685076
prefund_3pct_sell_first_hedge_10pct,steepener,Curve steepener,Short zero rates decrease while long zero rates increase under an exponential research shape.,-55.609024736088756,0.25-year zero-node shift; see shape,0.0,22567688852.28262,-1292463938.8216553,4710500354.460885,-62773495.15318489,4650567754.474457,466877755.05443597,4166000000.0,413139498.63957095,True,23482690758.126877,16250961880.0,8637360000.0,0.0,0.0,0.0,0.0,0.0,0.0,2361180000.0,19656200000.0,3.7610530853271484e-05,0.08556868931761473,within_assumed_limits,15741200000.0,0.03702825969752484,315649968.7002036,-70023940.15114361,10091340.164715651,397023619.2195498,326999679.06840616,1574120.0,314824000.0,314824000.0,314824000.0,0.0,391274842.4219854,0.0,0.0,sourced_bands_with_explicit_assumptions,12682194370.685076
prefund_3pct_sell_first_hedge_10pct,flattener,Curve flattener,Short zero rates increase while long zero rates decrease under an exponential research shape.,71.51782879388661,0.25-year zero-node shift; see shape,0.0,24968938462.486816,1108785671.3825417,4848280021.023683,75006171.40961266,4904743050.345902,139207374.04994792,4166000000.0,415594762.53340703,True,23231658394.295647,16112448575.772484,8637360000.0,0.0,0.0,0.0,0.0,0.0,0.0,2361180000.0,19656200000.0,3.0517578125e-05,0.07335750788505004,within_assumed_limits,15741200000.0,0.03702825969752484,-138513304.22751567,37269981.088432096,19193048.233787946,-182366793.76254794,-145096812.67411584,1574120.0,314824000.0,497691264.57301235,497691264.57301235,182867264.57301235,0.0,2.9802322387695312e-08,0.0,sourced_bands_with_explicit_assumptions,12682194370.685076
prefund_3pct_sell_first_hedge_10pct,short_up,Short-rate increase,A +250 bp origin shock decays exponentially with tenor.,234.85326570336895,0.25-year zero-node shift; see shape,0.0,24710114811.0618,849962019.9575233,5029449604.2272,256175754.61312962,5291623048.677573,984300496.0426476,4166000000.0,418237912.2344596,True,23251623389.314285,16250961880.0,8637360000.0,0.0,0.0,0.0,0.0,0.0,0.0,2361180000.0,19656200000.0,2.6404857635498047e-05,0.06014721975037138,within_assumed_limits,15741200000.0,0.03702825969752484,501397696.12852216,244959717.7387939,17213726.711579673,278489479.59953433,523449197.33832824,1574120.0,314824000.0,314824000.0,314824000.0,0.0,504288108.4858369,0.0,0.0,sourced_bands_with_explicit_assumptions,12682194370.685076
prefund_3pct_sell_first_hedge_10pct,short_down,Short-rate decrease,A -250 bp origin shock decays exponentially with tenor.,-234.85326570336895,0.25-year zero-node shift; see shape,0.0,23085272455.46956,-774880335.634716,4496849520.541078,-276424329.0729923,4203497534.3960757,-595263235.581771,4166000000.0,408958626.27315295,True,23158017420.895958,15730463421.989918,8637360000.0,0.0,0.0,0.0,0.0,0.0,0.0,2361180000.0,19656200000.0,3.0517578125e-05,0.10622805745623301,within_assumed_limits,15741200000.0,0.03702825969752484,-520498458.0100827,-304157686.2560856,10805700.111083671,-222228023.70469368,-526385709.96077925,1574120.0,314824000.0,835590255.1301558,835590255.1301558,520766255.1301558,0.0,5.960464477539063e-08,0.0,sourced_bands_with_explicit_assumptions,12682194370.685076
prefund_3pct_sell_first_hedge_10pct,combined_run,Rates up + deposit runoff,"Parallel +200 bp and 45% requested deposit runoff, with 45% of that runoff requested in month one.",200.0,parallel shift,45.0,19139829631.990788,-4720323159.113487,4128477641.4979115,-644796208.1161585,4405203983.360138,-155686873.33836907,4166000000.0,417717292.42388695,True,2361180000.0,2361180000.0,13316278370.67698,12500545018.39258,11368742611.208838,-1131802407.1837425,0.0,0.0,0.0,2361180000.0,19656200000.0,2.0265579223632812e-05,0.06275452723790029,breach,15741200000.0,0.03702825969752484,1345475670.0122106,259345156.09904307,17381185.763183363,1156202962.9091222,1415548119.0081654,1574120.0,314824000.0,314824000.0,314824000.0,0.0,1352253775.970586,0.0,0.0,sourced_bands_with_explicit_assumptions,12682194370.685076
prefund_3pct_sell_first_hedge_15pct,baseline,Unshocked baseline,"Static opening portfolio with loan runoff, retained modeled earnings and no requested deposit withdrawals.",0.0,parallel shift,0,23859365731.104282,7.62939453125e-06,4769735978.797378,0.0,4741597814.169213,204211709.3356657,4166000000.0,414260624.9521942,True,23272942105.876278,16092762820.0,8637360000.0,0.0,0.0,0.0,0.0,0.0,0.0,2361180000.0,19656200000.0,4.9017369747161865e-05,0.08,within_assumed_limits,23611800000.0,0.03702825969752484,8.17951513454318e-06,-44729648.896749474,16591484.268585347,45235700.11864672,506051.22189724445,2361180.0,472236000.0,472236000.0,472236000.0,0.0,38737994.945232965,0.0,0.0,sourced_bands_with_explicit_assumptions,12682194370.685076
prefund_3pct_sell_first_hedge_15pct,parallel_up,Parallel +200 bp,Immediate persistent parallel increase; no extra deposit withdrawals.,200.0,parallel shift,0.0,22429596838.799873,-1429768892.3044014,4989189666.291512,219453687.49413395,5404279179.084852,2552505151.024649,4166000000.0,417717292.42388695,True,23116682113.79941,16092762820.0,8637360000.0,0.0,0.0,0.0,0.0,0.0,0.0,2361180000.0,19656200000.0,6.103515625e-05,0.06275452723790029,within_assumed_limits,23611800000.0,0.03702825969752484,2018213505.0183167,389017734.1485648,26071778.644775044,1734304444.3636842,2123322178.512249,2361180.0,472236000.0,472236000.0,472236000.0,0.0,2028380663.95588,0.0,0.0,sourced_bands_with_explicit_assumptions,12682194370.685076
prefund_3pct_sell_first_hedge_15pct,parallel_down,Parallel -200 bp,Immediate persistent parallel decrease with deposit-rate floor and prepayment response.,-200.0,parallel shift,0.0,24840136101.880497,980770370.7762222,4521290919.679168,-248445059.11820984,4081690769.0203986,-2277503708.4705524,4166000000.0,409845213.498459,True,21249435884.48812,13865047595.428308,8637360000.0,0.0,0.0,0.0,0.0,0.0,0.0,2361180000.0,19656200000.0,6.103515625e-05,0.1018612504004024,within_assumed_limits,23611800000.0,0.03702825969752484,-2227715224.571691,-477755371.7907335,38155221.131964296,-1780988083.9924922,-2258743455.7832255,2361180.0,472236000.0,2702711721.64669,2702711721.64669,2230475721.64669,0.0,2.384185791015625e-07,0.0,sourced_bands_with_explicit_assumptions,12682194370.685076
prefund_3pct_sell_first_hedge_15pct,steepener,Curve steepener,Short zero rates decrease while long zero rates increase under an exponential research shape.,-55.609024736088756,0.25-year zero-node shift; see shape,0.0,22724726776.63272,-1134638954.4715538,4707335415.129635,-62400563.66774273,4617436515.149993,631471265.3397477,4166000000.0,413139498.63957095,True,23324523008.200912,16092762820.0,8637360000.0,0.0,0.0,0.0,0.0,0.0,0.0,2361180000.0,19656200000.0,2.181529998779297e-05,0.08556868931761473,within_assumed_limits,23611800000.0,0.03702825969752484,473474953.05030614,-105035910.22671527,15137010.247073479,595535428.8293257,490499518.6026104,2361180.0,472236000.0,472236000.0,472236000.0,0.0,586912263.6329792,0.0,0.0,sourced_bands_with_explicit_assumptions,12682194370.685076
prefund_3pct_sell_first_hedge_15pct,flattener,Curve flattener,Short zero rates increase while long zero rates decrease under an exponential research shape.,71.51782879388661,0.25-year zero-node shift; see shape,0.0,24898894750.37306,1039529019.2687836,4842265896.331224,72529917.53384686,4926960440.314555,69454307.13732737,4166000000.0,415594762.53340703,True,23004296648.546505,15884992863.658728,8637360000.0,0.0,0.0,0.0,0.0,0.0,0.0,2361180000.0,19656200000.0,3.0517578125e-05,0.07335750788505004,within_assumed_limits,23611800000.0,0.03702825969752484,-207769956.34127262,55904971.63264833,28789572.35068189,-273550190.6438212,-217645219.01117286,2361180.0,472236000.0,746536896.8595178,746536896.8595178,274300896.85951775,0.0,5.960464477539063e-08,0.0,sourced_bands_with_explicit_assumptions,12682194370.685076
prefund_3pct_sell_first_hedge_15pct,short_up,Short-rate increase,A +250 bp origin shock decays exponentially with tenor.,234.85326570336895,0.25-year zero-node shift; see shape,0.0,24960026599.12606,1100660868.0217857,5025771452.036547,256035473.23916912,5419031618.712108,1250166745.8769505,4166000000.0,418237912.2344596,True,23093618277.224617,16092762820.0,8637360000.0,0.0,0.0,0.0,0.0,0.0,0.0,2361180000.0,19656200000.0,3.504753112792969e-05,0.06014721975037138,within_assumed_limits,23611800000.0,0.03702825969752484,752096544.1927841,367439576.6081911,25820590.06736951,417734219.39930207,785173796.0074931,2361180.0,472236000.0,472236000.0,472236000.0,0.0,756432162.7287562,0.0,0.0,sourced_bands_with_explicit_assumptions,12682194370.685076
prefund_3pct_sell_first_hedge_15pct,short_down,Short-rate decrease,A -250 bp origin shock decays exponentially with tenor.,-234.85326570336895,0.25-year zero-node shift; see shape,0.0,22824236166.46452,-1035129564.6397552,4494063694.631519,-275672284.16585827,4054035715.4140167,-856626126.416176,4166000000.0,408958626.27315295,True,22739501509.149937,15312015132.984877,8637360000.0,0.0,0.0,0.0,0.0,0.0,0.0,2361180000.0,19656200000.0,3.0517578125e-05,0.10622805745623301,within_assumed_limits,23611800000.0,0.03702825969752484,-780747687.0151231,-456236529.3841282,16208550.166625496,-333342035.5570398,-789578564.9411681,2361180.0,472236000.0,1253385382.6952329,1253385382.6952329,781149382.6952329,0.0,1.1920928955078125e-07,0.0,sourced_bands_with_explicit_assumptions,12682194370.685076
prefund_3pct_sell_first_hedge_15pct,combined_run,Rates up + deposit runoff,"Parallel +200 bp and 45% requested deposit runoff, with 45% of that runoff requested in month one.",200.0,parallel shift,45.0,19811780406.996895,-4047585324.10738,4121121278.5737295,-648614700.2236481,4536210791.367069,552203978.4264319,4166000000.0,417717292.42388695,True,2361180000.0,2361180000.0,13437855555.25885,12504115070.092123,11371882285.211689,-1132232784.8804345,0.0,0.0,0.0,2361180000.0,19656200000.0,4.57763671875e-05,0.06275452723790029,within_assumed_limits,23611800000.0,0.03702825969752484,2018213505.0183167,389017734.1485648,26071778.644775044,1734304444.3636842,2123322178.512249,2361180.0,472236000.0,472236000.0,472236000.0,0.0,2028380663.95588,0.0,0.0,sourced_bands_with_explicit_assumptions,12682194370.685076
prefund_3pct_sell_first_hedge_20pct,baseline,Unshocked baseline,"Static opening portfolio with loan runoff, retained modeled earnings and no requested deposit withdrawals.",0.0,parallel shift,0,23858578671.104286,1.1444091796875e-05,4766198107.980685,0.0,4728680555.143132,205585957.01579952,4166000000.0,414260624.9521942,True,23114809661.323895,15934563760.0,8637360000.0,0.0,0.0,0.0,0.0,0.0,0.0,2361180000.0,19656200000.0,6.865710020065308e-05,0.08,within_assumed_limits,31482400000.0,0.03702825969752484,9.786686860024929e-06,-59639531.86233288,22121979.024780463,60314266.82486137,674734.9625284895,3148240.0,629648000.0,629648000.0,629648000.0,0.0,51650659.926976345,0.0,0.0,sourced_bands_with_explicit_assumptions,12682194370.685076
prefund_3pct_sell_first_hedge_20pct,parallel_up,Parallel +200 bp,Immediate persistent parallel increase; no extra deposit withdrawals.,200.0,parallel shift,0.0,23101547613.805977,-757031057.2982979,4985662685.614382,219464577.63369656,5539115369.338835,3264655762.733193,4166000000.0,417717292.42388695,True,22958646816.66707,15934563760.0,8637360000.0,0.0,0.0,0.0,0.0,0.0,0.0,2361180000.0,19656200000.0,3.719329833984375e-05,0.06275452723790029,within_assumed_limits,31482400000.0,0.03702825969752484,2690951340.024421,518690312.19808614,34762371.526366726,2312405925.8182445,2831096238.0163307,3148240.0,629648000.0,629648000.0,629648000.0,0.0,2704507551.941172,0.0,0.0,sourced_bands_with_explicit_assumptions,12682194370.685076
prefund_3pct_sell_first_hedge_20pct,parallel_down,Parallel -200 bp,Immediate persistent parallel decrease with deposit-rate floor and prepayment response.,-200.0,parallel shift,0.0,24096777300.356598,238198629.25232315,4513251276.282123,-252946831.69856262,3927117742.0704303,-3026526490.0846863,4166000000.0,409845213.498459,True,20348221298.22694,12964276793.904411,8637360000.0,0.0,0.0,0.0,0.0,0.0,0.0,2361180000.0,19656200000.0,3.0517578125e-05,0.1018612504004024,within_assumed_limits,31482400000.0,0.03702825969752484,-2970286966.095589,-637007162.3876449,50873628.17595242,-2374650778.6566577,-3011657941.0443025,3148240.0,629648000.0,3603615628.862254,3603615628.862254,2973967628.862254,0.0,0.0,0.0,sourced_bands_with_explicit_assumptions,12682194370.685076
prefund_3pct_sell_first_hedge_20pct,steepener,Curve steepener,Short zero rates decrease while long zero rates increase under an exponential research shape.,-55.609024736088756,0.25-year zero-node shift; see shape,0.0,22881764700.982822,-976813970.1214523,4704170475.798384,-62027632.18230152,4584305275.825528,796064775.6250565,4166000000.0,413139498.63957095,True,23166355258.274963,15934563760.0,8637360000.0,0.0,0.0,0.0,0.0,0.0,0.0,2361180000.0,19656200000.0,2.3365020751953125e-05,0.08556868931761473,within_assumed_limits,31482400000.0,0.03702825969752484,631299937.4004072,-140047880.30228722,20182680.329431303,794047238.4390996,653999358.1368123,3148240.0,629648000.0,629648000.0,629648000.0,0.0,782549684.8439708,0.0,0.0,sourced_bands_with_explicit_assumptions,12682194370.685076
prefund_3pct_sell_first_hedge_20pct,flattener,Curve flattener,Short zero rates increase while long zero rates decrease under an exponential research shape.,71.51782879388661,0.25-year zero-node shift; see shape,0.0,24828851038.2593,970272367.1550255,4836251771.638765,70053663.6580801,4949177830.283206,-298759.7752969861,4166000000.0,415594762.53340703,True,22776934902.797367,15657537151.54497,8637360000.0,0.0,0.0,0.0,0.0,0.0,0.0,2361180000.0,19656200000.0,3.0517578125e-05,0.07335750788505004,within_assumed_limits,31482400000.0,0.03702825969752484,-277026608.45503134,74539962.17686419,38386096.46757589,-364733587.5250959,-290193625.3482317,3148240.0,629648000.0,995382529.1460247,995382529.1460247,365734529.1460247,0.0,5.960464477539063e-08,0.0,sourced_bands_with_explicit_assumptions,12682194370.685076
prefund_3pct_sell_first_hedge_20pct,short_up,Short-rate increase,A +250 bp origin shock decays exponentially with tenor.,234.85326570336895,0.25-year zero-node shift; see shape,0.0,25209938387.190323,1351359716.0860481,5022093299.845894,255895191.86520863,5546440188.746641,1516032995.7112505,4166000000.0,418237912.2344596,True,22935613165.134945,15934563760.0,8637360000.0,0.0,0.0,0.0,0.0,0.0,0.0,2361180000.0,19656200000.0,5.2809715270996094e-05,0.06014721975037138,within_assumed_limits,31482400000.0,0.03702825969752484,1002795392.2570443,489919435.4775878,34427453.423159346,556978959.1990687,1046898394.6766565,3148240.0,629648000.0,629648000.0,629648000.0,0.0,1008576216.9716738,0.0,0.0,sourced_bands_with_explicit_assumptions,12682194370.685076
prefund_3pct_sell_first_hedge_20pct,short_down,Short-rate decrease,A -250 bp origin shock decays exponentially with tenor.,-234.85326570336895,0.25-year zero-node shift; see shape,0.0,22563199877.459476,-1295378793.6447983,4491277868.72196,-274920239.25872517,3904573896.4319563,-1117989017.2505841,4166000000.0,408958626.27315295,True,22320985597.403927,14893566843.979836,8637360000.0,0.0,0.0,0.0,0.0,0.0,0.0,2361180000.0,19656200000.0,3.0517578125e-05,0.10622805745623301,within_assumed_limits,31482400000.0,0.03702825969752484,-1040996916.0201654,-608315372.5121711,21611400.222167343,-444456047.40938735,-1052771419.9215585,3148240.0,629648000.0,1671180510.2603116,1671180510.2603116,1041532510.2603116,0.0,1.1920928955078125e-07,0.0,sourced_bands_with_explicit_assumptions,12682194370.685076
prefund_3pct_sell_first_hedge_20pct,combined_run,Rates up + deposit runoff,"Parallel +200 bp and 45% requested deposit runoff, with 45% of that runoff requested in month one.",200.0,parallel shift,45.0,20483731182.003,-3374847489.1012764,4113764915.6495476,-652433192.3311377,4667217599.374001,1260094830.191231,4166000000.0,417717292.42388695,True,2361180000.0,2361180000.0,13559432739.840714,12507685121.791668,11375021959.21454,-1132663162.5771265,0.0,0.0,0.0,2361180000.0,19656200000.0,3.337860107421875e-05,0.06275452723790029,within_assumed_limits,31482400000.0,0.03702825969752484,2690951340.024421,518690312.19808614,34762371.526366726,2312405925.8182445,2831096238.0163307,3148240.0,629648000.0,629648000.0,629648000.0,0.0,2704507551.941172,0.0,0.0,sourced_bands_with_explicit_assumptions,12682194370.685076
prefund_6pct_borrow_first_hedge_0pct,baseline,Unshocked baseline,"Static opening portfolio with loan runoff, retained modeled earnings and no requested deposit withdrawals.",0.0,parallel shift,0,23739387018.762146,0.0,4624558219.238687,0.0,4624558219.238687,44297594.28649235,4166000000.0,414260624.9521942,True,28456846204.73205,21289720000.0,13359720000.0,0.0,0.0,0.0,0.0,0.0,0.0,2361180000.0,19656200000.0,3.0517578125e-05,0.08,within_assumed_limits,0.0,0.03702825969752484,0.0,0.0,0.0,0.0,0.0,0.0,0.0,0.0,0.0,0.0,0.0,0.0,0.0,sourced_bands_with_explicit_assumptions,12682194370.685076
prefund_6pct_borrow_first_hedge_0pct,parallel_up,Parallel +200 bp,Immediate persistent parallel increase; no extra deposit withdrawals.,200.0,parallel shift,0.0,20552873802.43386,-3186513216.328285,4905396716.993565,280838497.75487804,4905396716.993565,321679424.56967765,4166000000.0,417717292.42388695,True,28305408247.56099,21289720000.0,13359720000.0,0.0,0.0,0.0,0.0,0.0,0.0,2361180000.0,19656200000.0,3.0517578125e-05,0.06275452723790029,within_assumed_limits,0.0,0.03702825969752484,0.0,0.0,0.0,0.0,0.0,0.0,0.0,0.0,0.0,0.0,0.0,0.0,0.0,sourced_bands_with_explicit_assumptions,12682194370.685076
prefund_6pct_borrow_first_hedge_0pct,parallel_down,Parallel -200 bp,Immediate persistent parallel decrease with deposit-rate floor and prepayment response.,-200.0,parallel shift,0.0,26670681146.606026,2931294127.8438797,4329234950.0539665,-295323269.18472004,4329234950.0539665,-246610263.44449246,4166000000.0,409845213.498459,True,28657498434.878124,21289720000.0,13359720000.0,0.0,0.0,0.0,0.0,0.0,0.0,2361180000.0,19656200000.0,6.103515625e-05,0.1018612504004024,within_assumed_limits,0.0,0.03702825969752484,0.0,0.0,0.0,0.0,0.0,0.0,0.0,0.0,0.0,0.0,0.0,0.0,0.0,sourced_bands_with_explicit_assumptions,12682194370.685076
prefund_6pct_borrow_first_hedge_0pct,steepener,Curve steepener,Short zero rates decrease while long zero rates increase under an exponential research shape.,-55.609024736088756,0.25-year zero-node shift; see shape,0.0,22151384851.384983,-1588002167.377163,4544146609.41537,-80411609.82331657,4544146609.41537,-34992889.224200964,4166000000.0,413139498.63957095,True,28507115782.638126,21289720000.0,13359720000.0,0.0,0.0,0.0,0.0,0.0,0.0,2361180000.0,19656200000.0,3.0517578125e-05,0.08556868931761473,within_assumed_limits,0.0,0.03702825969752484,0.0,0.0,0.0,0.0,0.0,0.0,0.0,0.0,0.0,0.0,0.0,0.0,0.0,sourced_bands_with_explicit_assumptions,12682194370.685076
prefund_6pct_borrow_first_hedge_0pct,flattener,Curve flattener,Short zero rates increase while long zero rates decrease under an exponential research shape.,71.51782879388661,0.25-year zero-node shift; see shape,0.0,24997112320.329967,1257725301.5678215,4726359302.600164,101801083.36147785,4726359302.600164,144764540.06675738,4166000000.0,415594762.53340703,True,28397714238.954395,21289720000.0,13359720000.0,0.0,0.0,0.0,0.0,0.0,0.0,2361180000.0,19656200000.0,3.0517578125e-05,0.07335750788505004,within_assumed_limits,0.0,0.03702825969752484,0.0,0.0,0.0,0.0,0.0,0.0,0.0,0.0,0.0,0.0,0.0,0.0,0.0,sourced_bands_with_explicit_assumptions,12682194370.685076
prefund_6pct_borrow_first_hedge_0pct,short_up,Short-rate increase,A +250 bp origin shock decays exponentially with tenor.,234.85326570336895,0.25-year zero-node shift; see shape,0.0,24248008884.624256,508621865.86211014,4953242327.871296,328684108.63260937,4953242327.871296,369004415.63683635,4166000000.0,418237912.2344596,True,28283147581.682766,21289720000.0,13359720000.0,0.0,0.0,0.0,0.0,0.0,0.0,2361180000.0,19656200000.0,3.0517578125e-05,0.06014721975037138,within_assumed_limits,0.0,0.03702825969752484,0.0,0.0,0.0,0.0,0.0,0.0,0.0,0.0,0.0,0.0,0.0,0.0,0.0,sourced_bands_with_explicit_assumptions,12682194370.685076
prefund_6pct_borrow_first_hedge_0pct,short_down,Short-rate decrease,A -250 bp origin shock decays exponentially with tenor.,-234.85326570336895,0.25-year zero-node shift; see shape,0.0,23319310711.292107,-420076307.47003937,4275827747.7151823,-348730471.52350426,4275827747.7151823,-299130878.55797064,4166000000.0,408958626.27315295,True,28698583973.537666,21289720000.0,13359720000.0,0.0,0.0,0.0,0.0,0.0,0.0,2361180000.0,19656200000.0,3.0517578125e-05,0.10622805745623301,within_assumed_limits,0.0,0.03702825969752484,0.0,0.0,0.0,0.0,0.0,0.0,0.0,0.0,0.0,0.0,0.0,0.0,0.0,sourced_bands_with_explicit_assumptions,12682194370.685076
prefund_6pct_borrow_first_hedge_0pct,combined_run,Rates up + deposit runoff,"Parallel +200 bp and 45% requested deposit runoff, with 45% of that runoff requested in month one.",200.0,parallel shift,45.0,17935057370.630882,-5804329648.131264,3990884828.2713966,-633673390.9672899,3990884828.2713966,-1047493842.9311521,4166000000.0,417717292.42388695,True,2361180000.0,2361180000.0,19656200000.0,5066546243.967604,4611884865.188942,-454661378.7786615,0.0,0.0,0.0,2361180000.0,19656200000.0,4.57763671875e-05,0.06275452723790029,breach,0.0,0.03702825969752484,0.0,0.0,0.0,0.0,0.0,0.0,0.0,0.0,0.0,0.0,0.0,0.0,0.0,sourced_bands_with_explicit_assumptions,12682194370.685076
prefund_6pct_borrow_first_hedge_5pct,baseline,Unshocked baseline,"Static opening portfolio with loan runoff, retained modeled earnings and no requested deposit withdrawals.",0.0,parallel shift,0,23738599958.76215,3.814697265625e-06,4621020348.421995,0.0,4611640960.212607,45671841.966628075,4166000000.0,414260624.9521942,True,28298713760.17967,21131520940.0,13359720000.0,0.0,0.0,0.0,0.0,0.0,0.0,2361180000.0,19656200000.0,3.242306411266327e-05,0.08,within_assumed_limits,7870600000.0,0.03702825969752484,2.4466717150062323e-06,-14909882.96558322,5530494.756195116,15078566.706215343,168683.74063212238,787060.0,157412000.0,157412000.0,157412000.0,0.0,12912664.981744086,0.0,0.0,sourced_bands_with_explicit_assumptions,12682194370.685076
prefund_6pct_borrow_first_hedge_5pct,parallel_up,Parallel +200 bp,Immediate persistent parallel increase; no extra deposit withdrawals.,200.0,parallel shift,0.0,21224824577.439964,-2513775381.3221817,4901869736.316435,280849387.8944397,5040232907.247548,1033830036.2782223,4166000000.0,417717292.42388695,True,28147372950.42864,21131520940.0,13359720000.0,0.0,0.0,0.0,0.0,0.0,0.0,2361180000.0,19656200000.0,3.0517578125e-05,0.06275452723790029,within_assumed_limits,7870600000.0,0.03702825969752484,672737835.0061053,129672578.04952154,8690592.881591681,578101481.4545611,707774059.5040827,787060.0,157412000.0,157412000.0,157412000.0,0.0,676126887.985293,0.0,0.0,sourced_bands_with_explicit_assumptions,12682194370.685076
prefund_6pct_borrow_first_hedge_5pct,parallel_down,Parallel -200 bp,Immediate persistent parallel decrease with deposit-rate floor and prepayment response.,-200.0,parallel shift,0.0,25927322345.082127,2188722386.3199806,4321195306.656921,-299825041.7650738,4174661923.103998,-995633045.0586253,4166000000.0,409845213.498459,True,27756283848.616947,20388949198.4761,13359720000.0,0.0,0.0,0.0,0.0,0.0,0.0,2361180000.0,19656200000.0,6.103515625e-05,0.1018612504004024,within_assumed_limits,7870600000.0,0.03702825969752484,-742571741.5238973,-159251790.59691122,12718407.043988105,-593662694.6641644,-752914485.2610756,787060.0,157412000.0,900903907.2155635,900903907.2155635,743491907.2155635,0.0,0.0,0.0,sourced_bands_with_explicit_assumptions,12682194370.685076
prefund_6pct_borrow_first_hedge_5pct,steepener,Curve steepener,Short zero rates decrease while long zero rates increase under an exponential research shape.,-55.609024736088756,0.25-year zero-node shift; see shape,0.0,22308422775.735085,-1430177183.0270615,4540981670.08412,-80038678.33787537,4511015370.090905,129600621.06110883,4166000000.0,413139498.63957095,True,28348948032.712173,21131520940.0,13359720000.0,0.0,0.0,0.0,0.0,0.0,0.0,2361180000.0,19656200000.0,4.4912099838256836e-05,0.08556868931761473,within_assumed_limits,7870600000.0,0.03702825969752484,157824984.3501018,-35011970.075571805,5045670.082357826,198511809.6097749,163499839.53420308,787060.0,157412000.0,157412000.0,157412000.0,0.0,195637421.2109927,0.0,0.0,sourced_bands_with_explicit_assumptions,12682194370.685076
prefund_6pct_borrow_first_hedge_5pct,flattener,Curve flattener,Short zero rates increase while long zero rates decrease under an exponential research shape.,71.51782879388661,0.25-year zero-node shift; see shape,0.0,24927068608.21621,1188468649.4540634,4720345177.907705,99324829.48571014,4748576692.568815,75011473.15413398,4166000000.0,415594762.53340703,True,28170352493.20525,21062264287.886242,13359720000.0,0.0,0.0,0.0,0.0,0.0,0.0,2361180000.0,19656200000.0,3.0517578125e-05,0.07335750788505004,within_assumed_limits,7870600000.0,0.03702825969752484,-69256652.11375783,18634990.544216048,9596524.116893973,-91183396.88127397,-72548406.33705792,787060.0,157412000.0,248845632.28650618,248845632.28650618,91433632.28650618,0.0,1.4901161193847656e-08,0.0,sourced_bands_with_explicit_assumptions,12682194370.685076
prefund_6pct_borrow_first_hedge_5pct,short_up,Short-rate increase,A +250 bp origin shock decays exponentially with tenor.,234.85326570336895,0.25-year zero-node shift; see shape,0.0,24497920672.68852,759320713.9263725,4949564175.680644,328543827.2586489,5080650897.905831,634870665.4711392,4166000000.0,418237912.2344596,True,28125142469.593098,21131520940.0,13359720000.0,0.0,0.0,0.0,0.0,0.0,0.0,2361180000.0,19656200000.0,3.802776336669922e-05,0.06014721975037138,within_assumed_limits,7870600000.0,0.03702825969752484,250698848.06426108,122479858.86939695,8606863.355789836,139244739.79976717,261724598.66916412,787060.0,157412000.0,157412000.0,157412000.0,0.0,252144054.24291846,0.0,0.0,sourced_bands_with_explicit_assumptions,12682194370.685076
prefund_6pct_borrow_first_hedge_5pct,short_down,Short-rate decrease,A -250 bp origin shock decays exponentially with tenor.,-234.85326570336895,0.25-year zero-node shift; see shape,0.0,23058274422.287064,-680325536.4750824,4273041921.805624,-347978426.61637115,4126365928.7331233,-560493769.3923765,4166000000.0,408958626.27315295,True,28280068061.791653,20871271710.994957,13359720000.0,0.0,0.0,0.0,0.0,0.0,0.0,2361180000.0,19656200000.0,3.0517578125e-05,0.10622805745623301,within_assumed_limits,7870600000.0,0.03702825969752484,-260249229.00504136,-152078843.1280428,5402850.055541836,-111114011.85234684,-263192854.98038962,787060.0,157412000.0,417795127.5650779,417795127.5650779,260383127.5650779,0.0,2.9802322387695312e-08,0.0,sourced_bands_with_explicit_assumptions,12682194370.685076
prefund_6pct_borrow_first_hedge_5pct,combined_run,Rates up + deposit runoff,"Parallel +200 bp and 45% requested deposit runoff, with 45% of that runoff requested in month one.",200.0,parallel shift,45.0,18607008145.636986,-5131591813.12516,3985972283.8923817,-635048064.5296135,4124335454.823495,-348858997.09224766,4166000000.0,417717292.42388695,True,2361180000.0,2361180000.0,19656200000.0,5201358943.784579,4734567362.838161,-466791580.9464171,0.0,0.0,0.0,2361180000.0,19656200000.0,3.0517578125e-05,0.06275452723790029,breach,7870600000.0,0.03702825969752484,672737835.0061053,129672578.04952154,8690592.881591681,578101481.4545611,707774059.5040827,787060.0,157412000.0,157412000.0,157412000.0,0.0,676126887.985293,0.0,0.0,sourced_bands_with_explicit_assumptions,12682194370.685076
prefund_6pct_borrow_first_hedge_10pct,baseline,Unshocked baseline,"Static opening portfolio with loan runoff, retained modeled earnings and no requested deposit withdrawals.",0.0,parallel shift,0,23737812898.76215,3.814697265625e-06,4617482477.605303,0.0,4598723701.186526,47046089.64676285,4166000000.0,414260624.9521942,True,28140581315.627285,20973321880.0,13359720000.0,0.0,0.0,0.0,0.0,0.0,0.0,2361180000.0,19656200000.0,5.023926496505737e-05,0.08,within_assumed_limits,15741200000.0,0.03702825969752484,4.8933434300124645e-06,-29819765.93116644,11060989.512390232,30157133.412430685,337367.48126424477,1574120.0,314824000.0,314824000.0,314824000.0,0.0,25825329.963488173,0.0,0.0,sourced_bands_with_explicit_assumptions,12682194370.685076
prefund_6pct_borrow_first_hedge_10pct,parallel_up,Parallel +200 bp,Immediate persistent parallel increase; no extra deposit withdrawals.,200.0,parallel shift,0.0,21896775352.44607,-1841037546.3160744,4898342755.639304,280860278.03400135,5175069097.501531,1745980647.986766,4166000000.0,417717292.42388695,True,27989337653.296295,20973321880.0,13359720000.0,0.0,0.0,0.0,0.0,0.0,0.0,2361180000.0,19656200000.0,3.5762786865234375e-05,0.06275452723790029,within_assumed_limits,15741200000.0,0.03702825969752484,1345475670.0122106,259345156.09904307,17381185.763183363,1156202962.9091222,1415548119.0081654,1574120.0,314824000.0,314824000.0,314824000.0,0.0,1352253775.970586,0.0,0.0,sourced_bands_with_explicit_assumptions,12682194370.685076
prefund_6pct_borrow_first_hedge_10pct,parallel_down,Parallel -200 bp,Immediate persistent parallel decrease with deposit-rate floor and prepayment response.,-200.0,parallel shift,0.0,25183963543.55823,1446150644.7960854,4313155663.259876,-304326814.34542656,4020088896.15403,-1744655826.672758,4166000000.0,409845213.498459,True,26855069262.35577,19488178396.952206,13359720000.0,0.0,0.0,0.0,0.0,0.0,0.0,2361180000.0,19656200000.0,6.103515625e-05,0.1018612504004024,within_assumed_limits,15741200000.0,0.03702825969752484,-1485143483.0477946,-318503581.19382244,25436814.08797621,-1187325389.3283288,-1505828970.5221512,1574120.0,314824000.0,1801807814.431127,1801807814.431127,1486983814.431127,0.0,0.0,0.0,sourced_bands_with_explicit_assumptions,12682194370.685076
prefund_6pct_borrow_first_hedge_10pct,steepener,Curve steepener,Short zero rates decrease while long zero rates increase under an exponential research shape.,-55.609024736088756,0.25-year zero-node shift; see shape,0.0,22465460700.085186,-1272352198.67696,4537816730.752869,-79665746.85243416,4477884130.76644,294194131.3464196,4166000000.0,413139498.63957095,True,28190780282.786213,20973321880.0,13359720000.0,0.0,0.0,0.0,0.0,0.0,0.0,2361180000.0,19656200000.0,6.812810897827148e-05,0.08556868931761473,within_assumed_limits,15741200000.0,0.03702825969752484,315649968.7002036,-70023940.15114361,10091340.164715651,397023619.2195498,326999679.06840616,1574120.0,314824000.0,314824000.0,314824000.0,0.0,391274842.4219854,0.0,0.0,sourced_bands_with_explicit_assumptions,12682194370.685076
prefund_6pct_borrow_first_hedge_10pct,flattener,Curve flattener,Short zero rates increase while long zero rates decrease under an exponential research shape.,71.51782879388661,0.25-year zero-node shift; see shape,0.0,24857024896.10245,1119211997.3403053,4714331053.215246,96848575.60994339,4770794082.537466,5258406.241511524,4166000000.0,415594762.53340703,True,27942990747.45611,20834808575.772484,13359720000.0,0.0,0.0,0.0,0.0,0.0,0.0,2361180000.0,19656200000.0,6.103515625e-05,0.07335750788505004,within_assumed_limits,15741200000.0,0.03702825969752484,-138513304.22751567,37269981.088432096,19193048.233787946,-182366793.76254794,-145096812.67411584,1574120.0,314824000.0,497691264.57301235,497691264.57301235,182867264.57301235,0.0,2.9802322387695312e-08,0.0,sourced_bands_with_explicit_assumptions,12682194370.685076
prefund_6pct_borrow_first_hedge_10pct,short_up,Short-rate increase,A +250 bp origin shock decays exponentially with tenor.,234.85326570336895,0.25-year zero-node shift; see shape,0.0,24747832460.752777,1010019561.9906311,4945886023.489992,328403545.88468933,5208059467.940366,900736915.3054402,4166000000.0,418237912.2344596,True,27967137357.50342,20973321880.0,13359720000.0,0.0,0.0,0.0,0.0,0.0,0.0,2361180000.0,19656200000.0,4.887580871582031e-05,0.06014721975037138,within_assumed_limits,15741200000.0,0.03702825969752484,501397696.12852216,244959717.7387939,17213726.711579673,278489479.59953433,523449197.33832824,1574120.0,314824000.0,314824000.0,314824000.0,0.0,504288108.4858369,0.0,0.0,sourced_bands_with_explicit_assumptions,12682194370.685076
prefund_6pct_borrow_first_hedge_10pct,short_down,Short-rate decrease,A -250 bp origin shock decays exponentially with tenor.,-234.85326570336895,0.25-year zero-node shift; see shape,0.0,22797238133.282024,-940574765.4801216,4270256095.8960657,-347226381.7092371,3976904109.751064,-821856660.2267829,4166000000.0,408958626.27315295,True,27861552150.045643,20452823421.989918,13359720000.0,0.0,0.0,0.0,0.0,0.0,0.0,2361180000.0,19656200000.0,3.0517578125e-05,0.10622805745623301,within_assumed_limits,15741200000.0,0.03702825969752484,-520498458.0100827,-304157686.2560856,10805700.111083671,-222228023.70469368,-526385709.96077925,1574120.0,314824000.0,835590255.1301558,835590255.1301558,520766255.1301558,0.0,5.960464477539063e-08,0.0,sourced_bands_with_explicit_assumptions,12682194370.685076
prefund_6pct_borrow_first_hedge_10pct,combined_run,Rates up + deposit runoff,"Parallel +200 bp and 45% requested deposit runoff, with 45% of that runoff requested in month one.",200.0,parallel shift,45.0,19278958920.643093,-4458853978.119053,3981059739.513367,-636422738.0919356,4257786081.3755937,349775848.7466567,4166000000.0,417717292.42388695,True,2361180000.0,2361180000.0,19656200000.0,5336171643.601543,4857249860.487371,-478921783.1141722,0.0,0.0,0.0,2361180000.0,19656200000.0,2.4318695068359375e-05,0.06275452723790029,within_assumed_limits,15741200000.0,0.03702825969752484,1345475670.0122106,259345156.09904307,17381185.763183363,1156202962.9091222,1415548119.0081654,1574120.0,314824000.0,314824000.0,314824000.0,0.0,1352253775.970586,0.0,0.0,sourced_bands_with_explicit_assumptions,12682194370.685076
prefund_6pct_borrow_first_hedge_15pct,baseline,Unshocked baseline,"Static opening portfolio with loan runoff, retained modeled earnings and no requested deposit withdrawals.",0.0,parallel shift,0,23737025838.762154,7.62939453125e-06,4613944606.78861,0.0,4585806442.160446,48420337.326898575,4166000000.0,414260624.9521942,True,27982448871.0749,20815122820.0,13359720000.0,0.0,0.0,0.0,0.0,0.0,0.0,2361180000.0,19656200000.0,3.551691770553589e-05,0.08,within_assumed_limits,23611800000.0,0.03702825969752484,8.17951513454318e-06,-44729648.896749474,16591484.268585347,45235700.11864672,506051.22189724445,2361180.0,472236000.0,472236000.0,472236000.0,0.0,38737994.945232965,0.0,0.0,sourced_bands_with_explicit_assumptions,12682194370.685076
prefund_6pct_borrow_first_hedge_15pct,parallel_up,Parallel +200 bp,Immediate persistent parallel increase; no extra deposit withdrawals.,200.0,parallel shift,0.0,22568726127.45218,-1168299711.309967,4894815774.962174,280871168.17356396,5309905287.755514,2458131259.695311,4166000000.0,417717292.42388695,True,27831302356.163944,20815122820.0,13359720000.0,0.0,0.0,0.0,0.0,0.0,0.0,2361180000.0,19656200000.0,5.14984130859375e-05,0.06275452723790029,within_assumed_limits,23611800000.0,0.03702825969752484,2018213505.0183167,389017734.1485648,26071778.644775044,1734304444.3636842,2123322178.512249,2361180.0,472236000.0,472236000.0,472236000.0,0.0,2028380663.95588,0.0,0.0,sourced_bands_with_explicit_assumptions,12682194370.685076
prefund_6pct_borrow_first_hedge_15pct,parallel_down,Parallel -200 bp,Immediate persistent parallel decrease with deposit-rate floor and prepayment response.,-200.0,parallel shift,0.0,24440604742.034336,703578903.2721901,4305116019.862831,-308828586.92577934,3865515869.204062,-2493678608.286889,4166000000.0,409845213.498459,True,25953854676.094597,18587407595.42831,13359720000.0,0.0,0.0,0.0,0.0,0.0,0.0,2361180000.0,19656200000.0,3.0517578125e-05,0.1018612504004024,within_assumed_limits,23611800000.0,0.03702825969752484,-2227715224.571691,-477755371.7907335,38155221.131964296,-1780988083.9924922,-2258743455.7832255,2361180.0,472236000.0,2702711721.64669,2702711721.64669,2230475721.64669,0.0,2.384185791015625e-07,0.0,sourced_bands_with_explicit_assumptions,12682194370.685076
prefund_6pct_borrow_first_hedge_15pct,steepener,Curve steepener,Short zero rates decrease while long zero rates increase under an exponential research shape.,-55.609024736088756,0.25-year zero-node shift; see shape,0.0,22622498624.435287,-1114527214.3268585,4534651791.4216175,-79292815.36699295,4444752891.441976,458787641.6317303,4166000000.0,413139498.63957095,True,28032612532.86026,20815122820.0,13359720000.0,0.0,0.0,0.0,0.0,0.0,0.0,2361180000.0,19656200000.0,3.784894943237305e-05,0.08556868931761473,within_assumed_limits,23611800000.0,0.03702825969752484,473474953.05030614,-105035910.22671527,15137010.247073479,595535428.8293257,490499518.6026104,2361180.0,472236000.0,472236000.0,472236000.0,0.0,586912263.6329792,0.0,0.0,sourced_bands_with_explicit_assumptions,12682194370.685076
prefund_6pct_borrow_first_hedge_15pct,flattener,Curve flattener,Short zero rates increase while long zero rates decrease under an exponential research shape.,71.51782879388661,0.25-year zero-node shift; see shape,0.0,24786981183.988693,1049955345.2265472,4708316928.522788,94372321.73417759,4793011472.506119,-64494660.67110902,4166000000.0,415594762.53340703,True,27715629001.70697,20607352863.658726,13359720000.0,0.0,0.0,0.0,0.0,0.0,0.0,2361180000.0,19656200000.0,3.0517578125e-05,0.07335750788505004,within_assumed_limits,23611800000.0,0.03702825969752484,-207769956.34127262,55904971.63264833,28789572.35068189,-273550190.6438212,-217645219.01117286,2361180.0,472236000.0,746536896.8595178,746536896.8595178,274300896.85951775,0.0,5.960464477539063e-08,0.0,sourced_bands_with_explicit_assumptions,12682194370.685076
prefund_6pct_borrow_first_hedge_15pct,short_up,Short-rate increase,A +250 bp origin shock decays exponentially with tenor.,234.85326570336895,0.25-year zero-node shift; see shape,0.0,24997744248.81704,1260718410.0548935,4942207871.299339,328263264.51072884,5335468037.9749,1166603165.139743,4166000000.0,418237912.2344596,True,27809132245.413754,20815122820.0,13359720000.0,0.0,0.0,0.0,0.0,0.0,0.0,2361180000.0,19656200000.0,4.845857620239258e-05,0.06014721975037138,within_assumed_limits,23611800000.0,0.03702825969752484,752096544.1927841,367439576.6081911,25820590.06736951,417734219.39930207,785173796.0074931,2361180.0,472236000.0,472236000.0,472236000.0,0.0,756432162.7287562,0.0,0.0,sourced_bands_with_explicit_assumptions,12682194370.685076
prefund_6pct_borrow_first_hedge_15pct,short_down,Short-rate decrease,A -250 bp origin shock decays exponentially with tenor.,-234.85326570336895,0.25-year zero-node shift; see shape,0.0,22536201844.276985,-1200823994.4851608,4267470269.986507,-346474336.8021035,3827442290.7690043,-1083219551.0611882,4166000000.0,408958626.27315295,True,27443036238.299625,20034375132.98488,13359720000.0,0.0,0.0,0.0,0.0,0.0,0.0,2361180000.0,19656200000.0,3.0517578125e-05,0.10622805745623301,within_assumed_limits,23611800000.0,0.03702825969752484,-780747687.0151231,-456236529.3841282,16208550.166625496,-333342035.5570398,-789578564.9411681,2361180.0,472236000.0,1253385382.6952329,1253385382.6952329,781149382.6952329,0.0,1.1920928955078125e-07,0.0,sourced_bands_with_explicit_assumptions,12682194370.685076
prefund_6pct_borrow_first_hedge_15pct,combined_run,Rates up + deposit runoff,"Parallel +200 bp and 45% requested deposit runoff, with 45% of that runoff requested in month one.",200.0,parallel shift,45.0,19950909695.6492,-3786116143.1129456,3976147195.134352,-637797411.6542583,4391236707.927692,1048410694.585562,4166000000.0,417717292.42388695,True,2361179999.999999,2361179999.999999,19656200000.0,5470984343.418521,4979932358.136593,-491051985.2819278,0.0,0.0,9.5367431640625e-07,2361180000.0,19656200000.0,3.0517578125e-05,0.06275452723790029,within_assumed_limits,23611800000.0,0.03702825969752484,2018213505.0183167,389017734.1485648,26071778.644775044,1734304444.3636842,2123322178.512249,2361180.0,472236000.0,472236000.0,472236000.0,0.0,2028380663.95588,0.0,0.0,sourced_bands_with_explicit_assumptions,12682194370.685076
prefund_6pct_borrow_first_hedge_20pct,baseline,Unshocked baseline,"Static opening portfolio with loan runoff, retained modeled earnings and no requested deposit withdrawals.",0.0,parallel shift,0,23736238778.762157,1.1444091796875e-05,4610406735.971918,0.0,4572889183.134365,49794585.007032394,4166000000.0,414260624.9521942,True,27824316426.522514,20656923760.0,13359720000.0,0.0,0.0,0.0,0.0,0.0,0.0,2361180000.0,19656200000.0,3.8139522075653076e-05,0.08,within_assumed_limits,31482400000.0,0.03702825969752484,9.786686860024929e-06,-59639531.86233288,22121979.024780463,60314266.82486137,674734.9625284895,3148240.0,629648000.0,629648000.0,629648000.0,0.0,51650659.926976345,0.0,0.0,sourced_bands_with_explicit_assumptions,12682194370.685076
prefund_6pct_borrow_first_hedge_20pct,parallel_up,Parallel +200 bp,Immediate persistent parallel increase; no extra deposit withdrawals.,200.0,parallel shift,0.0,23240676902.458282,-495561876.3038635,4891288794.285044,280882058.3131256,5444741478.009497,3170281871.403855,4166000000.0,417717292.42388695,True,27673267059.0316,20656923760.0,13359720000.0,0.0,0.0,0.0,0.0,0.0,0.0,2361180000.0,19656200000.0,3.4332275390625e-05,0.06275452723790029,within_assumed_limits,31482400000.0,0.03702825969752484,2690951340.024421,518690312.19808614,34762371.526366726,2312405925.8182445,2831096238.0163307,3148240.0,629648000.0,629648000.0,629648000.0,0.0,2704507551.941172,0.0,0.0,sourced_bands_with_explicit_assumptions,12682194370.685076
prefund_6pct_borrow_first_hedge_20pct,parallel_down,Parallel -200 bp,Immediate persistent parallel decrease with deposit-rate floor and prepayment response.,-200.0,parallel shift,0.0,23697245940.510437,-38992838.251708984,4297076376.465786,-313330359.5061321,3710942842.2540936,-3242701389.901023,4166000000.0,409845213.498459,True,25052640089.83341,17686636793.90441,13359720000.0,0.0,0.0,0.0,0.0,0.0,0.0,2361180000.0,19656200000.0,3.0517578125e-05,0.1018612504004024,within_assumed_limits,31482400000.0,0.03702825969752484,-2970286966.095589,-637007162.3876449,50873628.17595242,-2374650778.6566577,-3011657941.0443025,3148240.0,629648000.0,3603615628.862254,3603615628.862254,2973967628.862254,0.0,0.0,0.0,sourced_bands_with_explicit_assumptions,12682194370.685076
prefund_6pct_borrow_first_hedge_20pct,steepener,Curve steepener,Short zero rates decrease while long zero rates increase under an exponential research shape.,-55.609024736088756,0.25-year zero-node shift; see shape,0.0,22779536548.78539,-956702229.976757,4531486852.090367,-78919883.88155079,4411621652.117512,623381151.9170401,4166000000.0,413139498.63957095,True,27874444782.93431,20656923760.0,13359720000.0,0.0,0.0,0.0,0.0,0.0,0.0,2361180000.0,19656200000.0,5.0902366638183594e-05,0.08556868931761473,within_assumed_limits,31482400000.0,0.03702825969752484,631299937.4004072,-140047880.30228722,20182680.329431303,794047238.4390996,653999358.1368123,3148240.0,629648000.0,629648000.0,629648000.0,0.0,782549684.8439708,0.0,0.0,sourced_bands_with_explicit_assumptions,12682194370.685076
prefund_6pct_borrow_first_hedge_20pct,flattener,Curve flattener,Short zero rates increase while long zero rates decrease under an exponential research shape.,71.51782879388661,0.25-year zero-node shift; see shape,0.0,24716937471.874935,980698693.1127892,4702302803.830329,91896067.85841084,4815228862.47477,-134247727.58373338,4166000000.0,415594762.53340703,True,27488267255.957825,20379897151.544968,13359720000.0,0.0,0.0,0.0,0.0,0.0,0.0,2361180000.0,19656200000.0,3.0517578125e-05,0.07335750788505004,within_assumed_limits,31482400000.0,0.03702825969752484,-277026608.45503134,74539962.17686419,38386096.46757589,-364733587.5250959,-290193625.3482317,3148240.0,629648000.0,995382529.1460247,995382529.1460247,365734529.1460247,0.0,5.960464477539063e-08,0.0,sourced_bands_with_explicit_assumptions,12682194370.685076
prefund_6pct_borrow_first_hedge_20pct,short_up,Short-rate increase,A +250 bp origin shock decays exponentially with tenor.,234.85326570336895,0.25-year zero-node shift; see shape,0.0,25247656036.8813,1511417258.119156,4938529719.108687,328122983.1367693,5462876608.009435,1432469414.974044,4166000000.0,418237912.2344596,True,27651127133.32408,20656923760.0,13359720000.0,0.0,0.0,0.0,0.0,0.0,0.0,2361180000.0,19656200000.0,5.0067901611328125e-05,0.06014721975037138,within_assumed_limits,31482400000.0,0.03702825969752484,1002795392.2570443,489919435.4775878,34427453.423159346,556978959.1990687,1046898394.6766565,3148240.0,629648000.0,629648000.0,629648000.0,0.0,1008576216.9716738,0.0,0.0,sourced_bands_with_explicit_assumptions,12682194370.685076
prefund_6pct_borrow_first_hedge_20pct,short_down,Short-rate decrease,A -250 bp origin shock decays exponentially with tenor.,-234.85326570336895,0.25-year zero-node shift; see shape,0.0,22275165555.271942,-1461073223.4902039,4264684444.0769486,-345722291.89496946,3677980471.786945,-1344582441.895595,4166000000.0,408958626.27315295,True,27024520326.55361,19615926843.979836,13359720000.0,0.0,0.0,0.0,0.0,0.0,0.0,2361180000.0,19656200000.0,3.0517578125e-05,0.10622805745623301,within_assumed_limits,31482400000.0,0.03702825969752484,-1040996916.0201654,-608315372.5121711,21611400.222167343,-444456047.40938735,-1052771419.9215585,3148240.0,629648000.0,1671180510.2603116,1671180510.2603116,1041532510.2603116,0.0,1.1920928955078125e-07,0.0,sourced_bands_with_explicit_assumptions,12682194370.685076
prefund_6pct_borrow_first_hedge_20pct,combined_run,Rates up + deposit runoff,"Parallel +200 bp and 45% requested deposit runoff, with 45% of that runoff requested in month one.",200.0,parallel shift,45.0,20622860470.655304,-3113378308.106842,3971234650.755338,-639172085.2165799,4524687334.479792,1747045540.4244654,4166000000.0,417717292.42388695,True,2361180000.0,2361180000.0,19656200000.0,5605797043.235492,5102614855.785809,-503182187.4496834,0.0,0.0,0.0,2361180000.0,19656200000.0,3.910064697265625e-05,0.06275452723790029,within_assumed_limits,31482400000.0,0.03702825969752484,2690951340.024421,518690312.19808614,34762371.526366726,2312405925.8182445,2831096238.0163307,3148240.0,629648000.0,629648000.0,629648000.0,0.0,2704507551.941172,0.0,0.0,sourced_bands_with_explicit_assumptions,12682194370.685076
prefund_6pct_sell_first_hedge_0pct,baseline,Unshocked baseline,"Static opening portfolio with loan runoff, retained modeled earnings and no requested deposit withdrawals.",0.0,parallel shift,0,23739387018.762146,0.0,4624558219.238687,0.0,4624558219.238687,44297594.28649235,4166000000.0,414260624.9521942,True,28456846204.73205,21289720000.0,13359720000.0,0.0,0.0,0.0,0.0,0.0,0.0,2361180000.0,19656200000.0,3.0517578125e-05,0.08,within_assumed_limits,0.0,0.03702825969752484,0.0,0.0,0.0,0.0,0.0,0.0,0.0,0.0,0.0,0.0,0.0,0.0,0.0,sourced_bands_with_explicit_assumptions,12682194370.685076
prefund_6pct_sell_first_hedge_0pct,parallel_up,Parallel +200 bp,Immediate persistent parallel increase; no extra deposit withdrawals.,200.0,parallel shift,0.0,20552873802.43386,-3186513216.328285,4905396716.993565,280838497.75487804,4905396716.993565,321679424.56967765,4166000000.0,417717292.42388695,True,28305408247.56099,21289720000.0,13359720000.0,0.0,0.0,0.0,0.0,0.0,0.0,2361180000.0,19656200000.0,3.0517578125e-05,0.06275452723790029,within_assumed_limits,0.0,0.03702825969752484,0.0,0.0,0.0,0.0,0.0,0.0,0.0,0.0,0.0,0.0,0.0,0.0,0.0,sourced_bands_with_explicit_assumptions,12682194370.685076
prefund_6pct_sell_first_hedge_0pct,parallel_down,Parallel -200 bp,Immediate persistent parallel decrease with deposit-rate floor and prepayment response.,-200.0,parallel shift,0.0,26670681146.606026,2931294127.8438797,4329234950.0539665,-295323269.18472004,4329234950.0539665,-246610263.44449246,4166000000.0,409845213.498459,True,28657498434.878124,21289720000.0,13359720000.0,0.0,0.0,0.0,0.0,0.0,0.0,2361180000.0,19656200000.0,6.103515625e-05,0.1018612504004024,within_assumed_limits,0.0,0.03702825969752484,0.0,0.0,0.0,0.0,0.0,0.0,0.0,0.0,0.0,0.0,0.0,0.0,0.0,sourced_bands_with_explicit_assumptions,12682194370.685076
prefund_6pct_sell_first_hedge_0pct,steepener,Curve steepener,Short zero rates decrease while long zero rates increase under an exponential research shape.,-55.609024736088756,0.25-year zero-node shift; see shape,0.0,22151384851.384983,-1588002167.377163,4544146609.41537,-80411609.82331657,4544146609.41537,-34992889.224200964,4166000000.0,413139498.63957095,True,28507115782.638126,21289720000.0,13359720000.0,0.0,0.0,0.0,0.0,0.0,0.0,2361180000.0,19656200000.0,3.0517578125e-05,0.08556868931761473,within_assumed_limits,0.0,0.03702825969752484,0.0,0.0,0.0,0.0,0.0,0.0,0.0,0.0,0.0,0.0,0.0,0.0,0.0,sourced_bands_with_explicit_assumptions,12682194370.685076
prefund_6pct_sell_first_hedge_0pct,flattener,Curve flattener,Short zero rates increase while long zero rates decrease under an exponential research shape.,71.51782879388661,0.25-year zero-node shift; see shape,0.0,24997112320.329967,1257725301.5678215,4726359302.600164,101801083.36147785,4726359302.600164,144764540.06675738,4166000000.0,415594762.53340703,True,28397714238.954395,21289720000.0,13359720000.0,0.0,0.0,0.0,0.0,0.0,0.0,2361180000.0,19656200000.0,3.0517578125e-05,0.07335750788505004,within_assumed_limits,0.0,0.03702825969752484,0.0,0.0,0.0,0.0,0.0,0.0,0.0,0.0,0.0,0.0,0.0,0.0,0.0,sourced_bands_with_explicit_assumptions,12682194370.685076
prefund_6pct_sell_first_hedge_0pct,short_up,Short-rate increase,A +250 bp origin shock decays exponentially with tenor.,234.85326570336895,0.25-year zero-node shift; see shape,0.0,24248008884.624256,508621865.86211014,4953242327.871296,328684108.63260937,4953242327.871296,369004415.63683635,4166000000.0,418237912.2344596,True,28283147581.682766,21289720000.0,13359720000.0,0.0,0.0,0.0,0.0,0.0,0.0,2361180000.0,19656200000.0,3.0517578125e-05,0.06014721975037138,within_assumed_limits,0.0,0.03702825969752484,0.0,0.0,0.0,0.0,0.0,0.0,0.0,0.0,0.0,0.0,0.0,0.0,0.0,sourced_bands_with_explicit_assumptions,12682194370.685076
prefund_6pct_sell_first_hedge_0pct,short_down,Short-rate decrease,A -250 bp origin shock decays exponentially with tenor.,-234.85326570336895,0.25-year zero-node shift; see shape,0.0,23319310711.292107,-420076307.47003937,4275827747.7151823,-348730471.52350426,4275827747.7151823,-299130878.55797064,4166000000.0,408958626.27315295,True,28698583973.537666,21289720000.0,13359720000.0,0.0,0.0,0.0,0.0,0.0,0.0,2361180000.0,19656200000.0,3.0517578125e-05,0.10622805745623301,within_assumed_limits,0.0,0.03702825969752484,0.0,0.0,0.0,0.0,0.0,0.0,0.0,0.0,0.0,0.0,0.0,0.0,0.0,sourced_bands_with_explicit_assumptions,12682194370.685076
prefund_6pct_sell_first_hedge_0pct,combined_run,Rates up + deposit runoff,"Parallel +200 bp and 45% requested deposit runoff, with 45% of that runoff requested in month one.",200.0,parallel shift,45.0,17935057370.630882,-5804329648.131264,4183370623.225483,-441187596.0132036,4183370623.225483,-1487843138.3416116,4166000000.0,417717292.42388695,True,2361179999.999999,2361179999.999999,13359720000.0,12059618327.432852,10972121858.289642,-1087496469.1432076,0.0,0.0,9.5367431640625e-07,2361180000.0,19656200000.0,4.57763671875e-05,0.06275452723790029,breach,0.0,0.03702825969752484,0.0,0.0,0.0,0.0,0.0,0.0,0.0,0.0,0.0,0.0,0.0,0.0,0.0,sourced_bands_with_explicit_assumptions,12682194370.685076
prefund_6pct_sell_first_hedge_5pct,baseline,Unshocked baseline,"Static opening portfolio with loan runoff, retained modeled earnings and no requested deposit withdrawals.",0.0,parallel shift,0,23738599958.76215,3.814697265625e-06,4621020348.421995,0.0,4611640960.212607,45671841.966628075,4166000000.0,414260624.9521942,True,28298713760.17967,21131520940.0,13359720000.0,0.0,0.0,0.0,0.0,0.0,0.0,2361180000.0,19656200000.0,3.242306411266327e-05,0.08,within_assumed_limits,7870600000.0,0.03702825969752484,2.4466717150062323e-06,-14909882.96558322,5530494.756195116,15078566.706215343,168683.74063212238,787060.0,157412000.0,157412000.0,157412000.0,0.0,12912664.981744086,0.0,0.0,sourced_bands_with_explicit_assumptions,12682194370.685076
prefund_6pct_sell_first_hedge_5pct,parallel_up,Parallel +200 bp,Immediate persistent parallel increase; no extra deposit withdrawals.,200.0,parallel shift,0.0,21224824577.439964,-2513775381.3221817,4901869736.316435,280849387.8944397,5040232907.247548,1033830036.2782223,4166000000.0,417717292.42388695,True,28147372950.42864,21131520940.0,13359720000.0,0.0,0.0,0.0,0.0,0.0,0.0,2361180000.0,19656200000.0,3.0517578125e-05,0.06275452723790029,within_assumed_limits,7870600000.0,0.03702825969752484,672737835.0061053,129672578.04952154,8690592.881591681,578101481.4545611,707774059.5040827,787060.0,157412000.0,157412000.0,157412000.0,0.0,676126887.985293,0.0,0.0,sourced_bands_with_explicit_assumptions,12682194370.685076
prefund_6pct_sell_first_hedge_5pct,parallel_down,Parallel -200 bp,Immediate persistent parallel decrease with deposit-rate floor and prepayment response.,-200.0,parallel shift,0.0,25927322345.082127,2188722386.3199806,4321195306.656921,-299825041.7650738,4174661923.103998,-995633045.0586253,4166000000.0,409845213.498459,True,27756283848.616947,20388949198.4761,13359720000.0,0.0,0.0,0.0,0.0,0.0,0.0,2361180000.0,19656200000.0,6.103515625e-05,0.1018612504004024,within_assumed_limits,7870600000.0,0.03702825969752484,-742571741.5238973,-159251790.59691122,12718407.043988105,-593662694.6641644,-752914485.2610756,787060.0,157412000.0,900903907.2155635,900903907.2155635,743491907.2155635,0.0,0.0,0.0,sourced_bands_with_explicit_assumptions,12682194370.685076
prefund_6pct_sell_first_hedge_5pct,steepener,Curve steepener,Short zero rates decrease while long zero rates increase under an exponential research shape.,-55.609024736088756,0.25-year zero-node shift; see shape,0.0,22308422775.735085,-1430177183.0270615,4540981670.08412,-80038678.33787537,4511015370.090905,129600621.06110883,4166000000.0,413139498.63957095,True,28348948032.712173,21131520940.0,13359720000.0,0.0,0.0,0.0,0.0,0.0,0.0,2361180000.0,19656200000.0,4.4912099838256836e-05,0.08556868931761473,within_assumed_limits,7870600000.0,0.03702825969752484,157824984.3501018,-35011970.075571805,5045670.082357826,198511809.6097749,163499839.53420308,787060.0,157412000.0,157412000.0,157412000.0,0.0,195637421.2109927,0.0,0.0,sourced_bands_with_explicit_assumptions,12682194370.685076
prefund_6pct_sell_first_hedge_5pct,flattener,Curve flattener,Short zero rates increase while long zero rates decrease under an exponential research shape.,71.51782879388661,0.25-year zero-node shift; see shape,0.0,24927068608.21621,1188468649.4540634,4720345177.907705,99324829.48571014,4748576692.568815,75011473.15413398,4166000000.0,415594762.53340703,True,28170352493.20525,21062264287.886242,13359720000.0,0.0,0.0,0.0,0.0,0.0,0.0,2361180000.0,19656200000.0,3.0517578125e-05,0.07335750788505004,within_assumed_limits,7870600000.0,0.03702825969752484,-69256652.11375783,18634990.544216048,9596524.116893973,-91183396.88127397,-72548406.33705792,787060.0,157412000.0,248845632.28650618,248845632.28650618,91433632.28650618,0.0,1.4901161193847656e-08,0.0,sourced_bands_with_explicit_assumptions,12682194370.685076
prefund_6pct_sell_first_hedge_5pct,short_up,Short-rate increase,A +250 bp origin shock decays exponentially with tenor.,234.85326570336895,0.25-year zero-node shift; see shape,0.0,24497920672.68852,759320713.9263725,4949564175.680644,328543827.2586489,5080650897.905831,634870665.4711392,4166000000.0,418237912.2344596,True,28125142469.593098,21131520940.0,13359720000.0,0.0,0.0,0.0,0.0,0.0,0.0,2361180000.0,19656200000.0,3.802776336669922e-05,0.06014721975037138,within_assumed_limits,7870600000.0,0.03702825969752484,250698848.06426108,122479858.86939695,8606863.355789836,139244739.79976717,261724598.66916412,787060.0,157412000.0,157412000.0,157412000.0,0.0,252144054.24291846,0.0,0.0,sourced_bands_with_explicit_assumptions,12682194370.685076
prefund_6pct_sell_first_hedge_5pct,short_down,Short-rate decrease,A -250 bp origin shock decays exponentially with tenor.,-234.85326570336895,0.25-year zero-node shift; see shape,0.0,23058274422.287064,-680325536.4750824,4273041921.805624,-347978426.61637115,4126365928.7331233,-560493769.3923765,4166000000.0,408958626.27315295,True,28280068061.791653,20871271710.994957,13359720000.0,0.0,0.0,0.0,0.0,0.0,0.0,2361180000.0,19656200000.0,3.0517578125e-05,0.10622805745623301,within_assumed_limits,7870600000.0,0.03702825969752484,-260249229.00504136,-152078843.1280428,5402850.055541836,-111114011.85234684,-263192854.98038962,787060.0,157412000.0,417795127.5650779,417795127.5650779,260383127.5650779,0.0,2.9802322387695312e-08,0.0,sourced_bands_with_explicit_assumptions,12682194370.685076
prefund_6pct_sell_first_hedge_5pct,combined_run,Rates up + deposit runoff,"Parallel +200 bp and 45% requested deposit runoff, with 45% of that runoff requested in month one.",200.0,parallel shift,45.0,18607008145.636986,-5131591813.12516,4179392941.4112663,-441627407.01072884,4317756112.34238,-788654861.658222,4166000000.0,417717292.42388695,True,2361179999.999999,2361179999.999999,13359720000.0,12197456682.678162,11097448579.646885,-1100008103.031276,0.0,0.0,9.5367431640625e-07,2361180000.0,19656200000.0,4.57763671875e-05,0.06275452723790029,breach,7870600000.0,0.03702825969752484,672737835.0061053,129672578.04952154,8690592.881591681,578101481.4545611,707774059.5040827,787060.0,157412000.0,157412000.0,157412000.0,0.0,676126887.985293,0.0,0.0,sourced_bands_with_explicit_assumptions,12682194370.685076
prefund_6pct_sell_first_hedge_10pct,baseline,Unshocked baseline,"Static opening portfolio with loan runoff, retained modeled earnings and no requested deposit withdrawals.",0.0,parallel shift,0,23737812898.76215,3.814697265625e-06,4617482477.605303,0.0,4598723701.186526,47046089.64676285,4166000000.0,414260624.9521942,True,28140581315.627285,20973321880.0,13359720000.0,0.0,0.0,0.0,0.0,0.0,0.0,2361180000.0,19656200000.0,5.023926496505737e-05,0.08,within_assumed_limits,15741200000.0,0.03702825969752484,4.8933434300124645e-06,-29819765.93116644,11060989.512390232,30157133.412430685,337367.48126424477,1574120.0,314824000.0,314824000.0,314824000.0,0.0,25825329.963488173,0.0,0.0,sourced_bands_with_explicit_assumptions,12682194370.685076
prefund_6pct_sell_first_hedge_10pct,parallel_up,Parallel +200 bp,Immediate persistent parallel increase; no extra deposit withdrawals.,200.0,parallel shift,0.0,21896775352.44607,-1841037546.3160744,4898342755.639304,280860278.03400135,5175069097.501531,1745980647.986766,4166000000.0,417717292.42388695,True,27989337653.296295,20973321880.0,13359720000.0,0.0,0.0,0.0,0.0,0.0,0.0,2361180000.0,19656200000.0,3.5762786865234375e-05,0.06275452723790029,within_assumed_limits,15741200000.0,0.03702825969752484,1345475670.0122106,259345156.09904307,17381185.763183363,1156202962.9091222,1415548119.0081654,1574120.0,314824000.0,314824000.0,314824000.0,0.0,1352253775.970586,0.0,0.0,sourced_bands_with_explicit_assumptions,12682194370.685076
prefund_6pct_sell_first_hedge_10pct,parallel_down,Parallel -200 bp,Immediate persistent parallel decrease with deposit-rate floor and prepayment response.,-200.0,parallel shift,0.0,25183963543.55823,1446150644.7960854,4313155663.259876,-304326814.34542656,4020088896.15403,-1744655826.672758,4166000000.0,409845213.498459,True,26855069262.35577,19488178396.952206,13359720000.0,0.0,0.0,0.0,0.0,0.0,0.0,2361180000.0,19656200000.0,6.103515625e-05,0.1018612504004024,within_assumed_limits,15741200000.0,0.03702825969752484,-1485143483.0477946,-318503581.19382244,25436814.08797621,-1187325389.3283288,-1505828970.5221512,1574120.0,314824000.0,1801807814.431127,1801807814.431127,1486983814.431127,0.0,0.0,0.0,sourced_bands_with_explicit_assumptions,12682194370.685076
prefund_6pct_sell_first_hedge_10pct,steepener,Curve steepener,Short zero rates decrease while long zero rates increase under an exponential research shape.,-55.609024736088756,0.25-year zero-node shift; see shape,0.0,22465460700.085186,-1272352198.67696,4537816730.752869,-79665746.85243416,4477884130.76644,294194131.3464196,4166000000.0,413139498.63957095,True,28190780282.786213,20973321880.0,13359720000.0,0.0,0.0,0.0,0.0,0.0,0.0,2361180000.0,19656200000.0,6.812810897827148e-05,0.08556868931761473,within_assumed_limits,15741200000.0,0.03702825969752484,315649968.7002036,-70023940.15114361,10091340.164715651,397023619.2195498,326999679.06840616,1574120.0,314824000.0,314824000.0,314824000.0,0.0,391274842.4219854,0.0,0.0,sourced_bands_with_explicit_assumptions,12682194370.685076
prefund_6pct_sell_first_hedge_10pct,flattener,Curve flattener,Short zero rates increase while long zero rates decrease under an exponential research shape.,71.51782879388661,0.25-year zero-node shift; see shape,0.0,24857024896.10245,1119211997.3403053,4714331053.215246,96848575.60994339,4770794082.537466,5258406.241511524,4166000000.0,415594762.53340703,True,27942990747.45611,20834808575.772484,13359720000.0,0.0,0.0,0.0,0.0,0.0,0.0,2361180000.0,19656200000.0,6.103515625e-05,0.07335750788505004,within_assumed_limits,15741200000.0,0.03702825969752484,-138513304.22751567,37269981.088432096,19193048.233787946,-182366793.76254794,-145096812.67411584,1574120.0,314824000.0,497691264.57301235,497691264.57301235,182867264.57301235,0.0,2.9802322387695312e-08,0.0,sourced_bands_with_explicit_assumptions,12682194370.685076
prefund_6pct_sell_first_hedge_10pct,short_up,Short-rate increase,A +250 bp origin shock decays exponentially with tenor.,234.85326570336895,0.25-year zero-node shift; see shape,0.0,24747832460.752777,1010019561.9906311,4945886023.489992,328403545.88468933,5208059467.940366,900736915.3054402,4166000000.0,418237912.2344596,True,27967137357.50342,20973321880.0,13359720000.0,0.0,0.0,0.0,0.0,0.0,0.0,2361180000.0,19656200000.0,4.887580871582031e-05,0.06014721975037138,within_assumed_limits,15741200000.0,0.03702825969752484,501397696.12852216,244959717.7387939,17213726.711579673,278489479.59953433,523449197.33832824,1574120.0,314824000.0,314824000.0,314824000.0,0.0,504288108.4858369,0.0,0.0,sourced_bands_with_explicit_assumptions,12682194370.685076
prefund_6pct_sell_first_hedge_10pct,short_down,Short-rate decrease,A -250 bp origin shock decays exponentially with tenor.,-234.85326570336895,0.25-year zero-node shift; see shape,0.0,22797238133.282024,-940574765.4801216,4270256095.8960657,-347226381.7092371,3976904109.751064,-821856660.2267829,4166000000.0,408958626.27315295,True,27861552150.045643,20452823421.989918,13359720000.0,0.0,0.0,0.0,0.0,0.0,0.0,2361180000.0,19656200000.0,3.0517578125e-05,0.10622805745623301,within_assumed_limits,15741200000.0,0.03702825969752484,-520498458.0100827,-304157686.2560856,10805700.111083671,-222228023.70469368,-526385709.96077925,1574120.0,314824000.0,835590255.1301558,835590255.1301558,520766255.1301558,0.0,5.960464477539063e-08,0.0,sourced_bands_with_explicit_assumptions,12682194370.685076
prefund_6pct_sell_first_hedge_10pct,combined_run,Rates up + deposit runoff,"Parallel +200 bp and 45% requested deposit runoff, with 45% of that runoff requested in month one.",200.0,parallel shift,45.0,19278958920.643093,-4458853978.119053,4175415259.59705,-442067218.0082526,4452141601.459277,-89466584.97483224,4166000000.0,417717292.42388695,True,2361179999.999999,2361179999.999999,13359720000.0,12335295037.923458,11222775301.004116,-1112519736.919345,0.0,0.0,9.5367431640625e-07,2361180000.0,19656200000.0,2.7179718017578125e-05,0.06275452723790029,within_assumed_limits,15741200000.0,0.03702825969752484,1345475670.0122106,259345156.09904307,17381185.763183363,1156202962.9091222,1415548119.0081654,1574120.0,314824000.0,314824000.0,314824000.0,0.0,1352253775.970586,0.0,0.0,sourced_bands_with_explicit_assumptions,12682194370.685076
prefund_6pct_sell_first_hedge_15pct,baseline,Unshocked baseline,"Static opening portfolio with loan runoff, retained modeled earnings and no requested deposit withdrawals.",0.0,parallel shift,0,23737025838.762154,7.62939453125e-06,4613944606.78861,0.0,4585806442.160446,48420337.326898575,4166000000.0,414260624.9521942,True,27982448871.0749,20815122820.0,13359720000.0,0.0,0.0,0.0,0.0,0.0,0.0,2361180000.0,19656200000.0,3.551691770553589e-05,0.08,within_assumed_limits,23611800000.0,0.03702825969752484,8.17951513454318e-06,-44729648.896749474,16591484.268585347,45235700.11864672,506051.22189724445,2361180.0,472236000.0,472236000.0,472236000.0,0.0,38737994.945232965,0.0,0.0,sourced_bands_with_explicit_assumptions,12682194370.685076
prefund_6pct_sell_first_hedge_15pct,parallel_up,Parallel +200 bp,Immediate persistent parallel increase; no extra deposit withdrawals.,200.0,parallel shift,0.0,22568726127.45218,-1168299711.309967,4894815774.962174,280871168.17356396,5309905287.755514,2458131259.695311,4166000000.0,417717292.42388695,True,27831302356.163944,20815122820.0,13359720000.0,0.0,0.0,0.0,0.0,0.0,0.0,2361180000.0,19656200000.0,5.14984130859375e-05,0.06275452723790029,within_assumed_limits,23611800000.0,0.03702825969752484,2018213505.0183167,389017734.1485648,26071778.644775044,1734304444.3636842,2123322178.512249,2361180.0,472236000.0,472236000.0,472236000.0,0.0,2028380663.95588,0.0,0.0,sourced_bands_with_explicit_assumptions,12682194370.685076
prefund_6pct_sell_first_hedge_15pct,parallel_down,Parallel -200 bp,Immediate persistent parallel decrease with deposit-rate floor and prepayment response.,-200.0,parallel shift,0.0,24440604742.034336,703578903.2721901,4305116019.862831,-308828586.92577934,3865515869.204062,-2493678608.286889,4166000000.0,409845213.498459,True,25953854676.094597,18587407595.42831,13359720000.0,0.0,0.0,0.0,0.0,0.0,0.0,2361180000.0,19656200000.0,3.0517578125e-05,0.1018612504004024,within_assumed_limits,23611800000.0,0.03702825969752484,-2227715224.571691,-477755371.7907335,38155221.131964296,-1780988083.9924922,-2258743455.7832255,2361180.0,472236000.0,2702711721.64669,2702711721.64669,2230475721.64669,0.0,2.384185791015625e-07,0.0,sourced_bands_with_explicit_assumptions,12682194370.685076
prefund_6pct_sell_first_hedge_15pct,steepener,Curve steepener,Short zero rates decrease while long zero rates increase under an exponential research shape.,-55.609024736088756,0.25-year zero-node shift; see shape,0.0,22622498624.435287,-1114527214.3268585,4534651791.4216175,-79292815.36699295,4444752891.441976,458787641.6317303,4166000000.0,413139498.63957095,True,28032612532.86026,20815122820.0,13359720000.0,0.0,0.0,0.0,0.0,0.0,0.0,2361180000.0,19656200000.0,3.784894943237305e-05,0.08556868931761473,within_assumed_limits,23611800000.0,0.03702825969752484,473474953.05030614,-105035910.22671527,15137010.247073479,595535428.8293257,490499518.6026104,2361180.0,472236000.0,472236000.0,472236000.0,0.0,586912263.6329792,0.0,0.0,sourced_bands_with_explicit_assumptions,12682194370.685076
prefund_6pct_sell_first_hedge_15pct,flattener,Curve flattener,Short zero rates increase while long zero rates decrease under an exponential research shape.,71.51782879388661,0.25-year zero-node shift; see shape,0.0,24786981183.988693,1049955345.2265472,4708316928.522788,94372321.73417759,4793011472.506119,-64494660.67110902,4166000000.0,415594762.53340703,True,27715629001.70697,20607352863.658726,13359720000.0,0.0,0.0,0.0,0.0,0.0,0.0,2361180000.0,19656200000.0,3.0517578125e-05,0.07335750788505004,within_assumed_limits,23611800000.0,0.03702825969752484,-207769956.34127262,55904971.63264833,28789572.35068189,-273550190.6438212,-217645219.01117286,2361180.0,472236000.0,746536896.8595178,746536896.8595178,274300896.85951775,0.0,5.960464477539063e-08,0.0,sourced_bands_with_explicit_assumptions,12682194370.685076
prefund_6pct_sell_first_hedge_15pct,short_up,Short-rate increase,A +250 bp origin shock decays exponentially with tenor.,234.85326570336895,0.25-year zero-node shift; see shape,0.0,24997744248.81704,1260718410.0548935,4942207871.299339,328263264.51072884,5335468037.9749,1166603165.139743,4166000000.0,418237912.2344596,True,27809132245.413754,20815122820.0,13359720000.0,0.0,0.0,0.0,0.0,0.0,0.0,2361180000.0,19656200000.0,4.845857620239258e-05,0.06014721975037138,within_assumed_limits,23611800000.0,0.03702825969752484,752096544.1927841,367439576.6081911,25820590.06736951,417734219.39930207,785173796.0074931,2361180.0,472236000.0,472236000.0,472236000.0,0.0,756432162.7287562,0.0,0.0,sourced_bands_with_explicit_assumptions,12682194370.685076
prefund_6pct_sell_first_hedge_15pct,short_down,Short-rate decrease,A -250 bp origin shock decays exponentially with tenor.,-234.85326570336895,0.25-year zero-node shift; see shape,0.0,22536201844.276985,-1200823994.4851608,4267470269.986507,-346474336.8021035,3827442290.7690043,-1083219551.0611882,4166000000.0,408958626.27315295,True,27443036238.299625,20034375132.98488,13359720000.0,0.0,0.0,0.0,0.0,0.0,0.0,2361180000.0,19656200000.0,3.0517578125e-05,0.10622805745623301,within_assumed_limits,23611800000.0,0.03702825969752484,-780747687.0151231,-456236529.3841282,16208550.166625496,-333342035.5570398,-789578564.9411681,2361180.0,472236000.0,1253385382.6952329,1253385382.6952329,781149382.6952329,0.0,1.1920928955078125e-07,0.0,sourced_bands_with_explicit_assumptions,12682194370.685076
prefund_6pct_sell_first_hedge_15pct,combined_run,Rates up + deposit runoff,"Parallel +200 bp and 45% requested deposit runoff, with 45% of that runoff requested in month one.",200.0,parallel shift,45.0,19950909695.6492,-3786116143.1129456,4169505482.7058854,-444439124.08272505,4584594995.499226,615540479.9859116,4166000000.0,417717292.42388695,True,2361179999.999999,2361179999.999999,13438819588.842598,12386282920.971872,11269002433.518763,-1117280487.4531112,0.0,0.0,9.5367431640625e-07,2361180000.0,19656200000.0,1.8835067749023438e-05,0.06275452723790029,within_assumed_limits,23611800000.0,0.03702825969752484,2018213505.0183167,389017734.1485648,26071778.644775044,1734304444.3636842,2123322178.512249,2361180.0,472236000.0,472236000.0,472236000.0,0.0,2028380663.95588,0.0,0.0,sourced_bands_with_explicit_assumptions,12682194370.685076
prefund_6pct_sell_first_hedge_20pct,baseline,Unshocked baseline,"Static opening portfolio with loan runoff, retained modeled earnings and no requested deposit withdrawals.",0.0,parallel shift,0,23736238778.762157,1.1444091796875e-05,4610406735.971918,0.0,4572889183.134365,49794585.007032394,4166000000.0,414260624.9521942,True,27824316426.522514,20656923760.0,13359720000.0,0.0,0.0,0.0,0.0,0.0,0.0,2361180000.0,19656200000.0,3.8139522075653076e-05,0.08,within_assumed_limits,31482400000.0,0.03702825969752484,9.786686860024929e-06,-59639531.86233288,22121979.024780463,60314266.82486137,674734.9625284895,3148240.0,629648000.0,629648000.0,629648000.0,0.0,51650659.926976345,0.0,0.0,sourced_bands_with_explicit_assumptions,12682194370.685076
prefund_6pct_sell_first_hedge_20pct,parallel_up,Parallel +200 bp,Immediate persistent parallel increase; no extra deposit withdrawals.,200.0,parallel shift,0.0,23240676902.458282,-495561876.3038635,4891288794.285044,280882058.3131256,5444741478.009497,3170281871.403855,4166000000.0,417717292.42388695,True,27673267059.0316,20656923760.0,13359720000.0,0.0,0.0,0.0,0.0,0.0,0.0,2361180000.0,19656200000.0,3.4332275390625e-05,0.06275452723790029,within_assumed_limits,31482400000.0,0.03702825969752484,2690951340.024421,518690312.19808614,34762371.526366726,2312405925.8182445,2831096238.0163307,3148240.0,629648000.0,629648000.0,629648000.0,0.0,2704507551.941172,0.0,0.0,sourced_bands_with_explicit_assumptions,12682194370.685076
prefund_6pct_sell_first_hedge_20pct,parallel_down,Parallel -200 bp,Immediate persistent parallel decrease with deposit-rate floor and prepayment response.,-200.0,parallel shift,0.0,23697245940.510437,-38992838.251708984,4297076376.465786,-313330359.5061321,3710942842.2540936,-3242701389.901023,4166000000.0,409845213.498459,True,25052640089.83341,17686636793.90441,13359720000.0,0.0,0.0,0.0,0.0,0.0,0.0,2361180000.0,19656200000.0,3.0517578125e-05,0.1018612504004024,within_assumed_limits,31482400000.0,0.03702825969752484,-2970286966.095589,-637007162.3876449,50873628.17595242,-2374650778.6566577,-3011657941.0443025,3148240.0,629648000.0,3603615628.862254,3603615628.862254,2973967628.862254,0.0,0.0,0.0,sourced_bands_with_explicit_assumptions,12682194370.685076
prefund_6pct_sell_first_hedge_20pct,steepener,Curve steepener,Short zero rates decrease while long zero rates increase under an exponential research shape.,-55.609024736088756,0.25-year zero-node shift; see shape,0.0,22779536548.78539,-956702229.976757,4531486852.090367,-78919883.88155079,4411621652.117512,623381151.9170401,4166000000.0,413139498.63957095,True,27874444782.93431,20656923760.0,13359720000.0,0.0,0.0,0.0,0.0,0.0,0.0,2361180000.0,19656200000.0,5.0902366638183594e-05,0.08556868931761473,within_assumed_limits,31482400000.0,0.03702825969752484,631299937.4004072,-140047880.30228722,20182680.329431303,794047238.4390996,653999358.1368123,3148240.0,629648000.0,629648000.0,629648000.0,0.0,782549684.8439708,0.0,0.0,sourced_bands_with_explicit_assumptions,12682194370.685076
prefund_6pct_sell_first_hedge_20pct,flattener,Curve flattener,Short zero rates increase while long zero rates decrease under an exponential research shape.,71.51782879388661,0.25-year zero-node shift; see shape,0.0,24716937471.874935,980698693.1127892,4702302803.830329,91896067.85841084,4815228862.47477,-134247727.58373338,4166000000.0,415594762.53340703,True,27488267255.957825,20379897151.544968,13359720000.0,0.0,0.0,0.0,0.0,0.0,0.0,2361180000.0,19656200000.0,3.0517578125e-05,0.07335750788505004,within_assumed_limits,31482400000.0,0.03702825969752484,-277026608.45503134,74539962.17686419,38386096.46757589,-364733587.5250959,-290193625.3482317,3148240.0,629648000.0,995382529.1460247,995382529.1460247,365734529.1460247,0.0,5.960464477539063e-08,0.0,sourced_bands_with_explicit_assumptions,12682194370.685076
prefund_6pct_sell_first_hedge_20pct,short_up,Short-rate increase,A +250 bp origin shock decays exponentially with tenor.,234.85326570336895,0.25-year zero-node shift; see shape,0.0,25247656036.8813,1511417258.119156,4938529719.108687,328122983.1367693,5462876608.009435,1432469414.974044,4166000000.0,418237912.2344596,True,27651127133.32408,20656923760.0,13359720000.0,0.0,0.0,0.0,0.0,0.0,0.0,2361180000.0,19656200000.0,5.0067901611328125e-05,0.06014721975037138,within_assumed_limits,31482400000.0,0.03702825969752484,1002795392.2570443,489919435.4775878,34427453.423159346,556978959.1990687,1046898394.6766565,3148240.0,629648000.0,629648000.0,629648000.0,0.0,1008576216.9716738,0.0,0.0,sourced_bands_with_explicit_assumptions,12682194370.685076
prefund_6pct_sell_first_hedge_20pct,short_down,Short-rate decrease,A -250 bp origin shock decays exponentially with tenor.,-234.85326570336895,0.25-year zero-node shift; see shape,0.0,22275165555.271942,-1461073223.4902039,4264684444.0769486,-345722291.89496946,3677980471.786945,-1344582441.895595,4166000000.0,408958626.27315295,True,27024520326.55361,19615926843.979836,13359720000.0,0.0,0.0,0.0,0.0,0.0,0.0,2361180000.0,19656200000.0,3.0517578125e-05,0.10622805745623301,within_assumed_limits,31482400000.0,0.03702825969752484,-1040996916.0201654,-608315372.5121711,21611400.222167343,-444456047.40938735,-1052771419.9215585,3148240.0,629648000.0,1671180510.2603116,1671180510.2603116,1041532510.2603116,0.0,1.1920928955078125e-07,0.0,sourced_bands_with_explicit_assumptions,12682194370.685076
prefund_6pct_sell_first_hedge_20pct,combined_run,Rates up + deposit runoff,"Parallel +200 bp and 45% requested deposit runoff, with 45% of that runoff requested in month one.",200.0,parallel shift,45.0,20622860470.655304,-3113378308.106842,4162563380.9472933,-447843355.0246248,4716016064.671746,1323656543.0020182,4166000000.0,417717292.42388695,True,2361179999.999999,2361179999.999999,13560182352.794846,12390866305.987835,11272966390.923748,-1117899915.0640855,0.0,0.0,9.5367431640625e-07,2361180000.0,19656200000.0,2.0503997802734375e-05,0.06275452723790029,within_assumed_limits,31482400000.0,0.03702825969752484,2690951340.024421,518690312.19808614,34762371.526366726,2312405925.8182445,2831096238.0163307,3148240.0,629648000.0,629648000.0,629648000.0,0.0,2704507551.941172,0.0,0.0,sourced_bands_with_explicit_assumptions,12682194370.685076
